date,region,store,units,price,salesrep,endcap,demo,demo13,demo45,natural,fitness
5/4/2010,FL,Biscayne (aka Aventura),150.70209,4.3899999,0,0,0,0,0,1,0
5/11/2010,FL,Biscayne (aka Aventura),197.40379,3.9976923,0,0,0,0,0,1,0
5/18/2010,FL,Biscayne (aka Aventura),235.10617,3.8092308,0,0,0,0,0,1,0
5/25/2010,FL,Biscayne (aka Aventura),226.69243,3.835,0,0,0,0,0,1,0
6/1/2010,FL,Biscayne (aka Aventura),257.68814,3.9024999,0,0,0,0,0,1,0
6/8/2010,FL,Biscayne (aka Aventura),132.95718,4.4976921,0,0,0,0,0,1,0
6/15/2010,FL,Biscayne (aka Aventura),221.88997,4.1166668,0,0,0,0,0,1,0
6/22/2010,FL,Biscayne (aka Aventura),245.88136,4.1166668,0,0,0,0,0,1,0
6/29/2010,FL,Biscayne (aka Aventura),156.10254,4.1166668,0,0,0,0,0,4,0
7/6/2010,FL,Biscayne (aka Aventura),200.10397,3.7473333,0,0,0,0,0,1,0
7/13/2010,FL,Biscayne (aka Aventura),128.396,4.0124998,0,0,0,0,0,1,0
5/4/2010,FL,Boca Raton,142.77821,4.3899999,0,0,0,0,0,0,4
5/11/2010,FL,Boca Raton,237.54456,4.2354546,0,0,0,0,0,0,4
5/18/2010,FL,Boca Raton,141.53329,3.8092308,0,0,0,0,0,0,4
5/25/2010,FL,Boca Raton,158.07394,3.8092308,0,0,0,0,0,0,4
6/1/2010,FL,Boca Raton,255.11774,4.055625,0,0,0,0,0,0,4
6/8/2010,FL,Boca Raton,129.79362,4.3833332,0,0,0,0,0,0,4
6/15/2010,FL,Boca Raton,137.76428,4.3587499,0,0,0,0,0,0,4
6/22/2010,FL,Boca Raton,306.79382,4.3587499,0,0,0,0,0,0,4
6/29/2010,FL,Boca Raton,103.31902,4.3587499,0,0,0,0,0,0,4
7/6/2010,FL,Boca Raton,240.22517,4.0124998,0,0,0,0,0,0,4
7/13/2010,FL,Boca Raton,190.0248,4.0124998,0,0,0,0,0,0,4
5/4/2010,FL,Coral Gables,149.76787,4.5185714,0,0,0,0,0,2,1
5/11/2010,FL,Coral Gables,223.61276,3.72,0,0,0,0,0,2,1
5/18/2010,FL,Coral Gables,216.36969,3.7936363,0,0,0,0,0,2,1
5/25/2010,FL,Coral Gables,205.53494,3.904,0,0,0,0,0,2,1
6/1/2010,FL,Coral Gables,131.62653,4.0433335,0,0,0,0,0,2,1
6/8/2010,FL,Coral Gables,199.93391,4.4066668,0,1,0,0,0,2,1
6/15/2010,FL,Coral Gables,217.95189,4.3587499,0,1,0,0,0,2,1
6/22/2010,FL,Coral Gables,139.61353,4.3899999,0,1,0,0,0,2,1
6/29/2010,FL,Coral Gables,106.41656,4.5207691,0,1,0,0,0,2,1
7/6/2010,FL,Coral Gables,203.74321,3.9015384,0,1,0,0,0,2,1
7/13/2010,FL,Coral Gables,159.4337,4.1935716,0,0,0,0,0,2,1
5/4/2010,FL,Coral Springs,305.18329,4.4899998,0,0,0,0,1,1,1
5/11/2010,FL,Coral Springs,235.45711,4.4011111,0,0,0,0,1,1,1
5/18/2010,FL,Coral Springs,239.6949,3.8092308,0,0,0,0,0,1,1
5/25/2010,FL,Coral Springs,220.94679,4.0640001,0,0,0,0,0,1,1
6/1/2010,FL,Coral Springs,233.326,3.9578571,0,0,0,0,0,1,1
6/8/2010,FL,Coral Springs,143.7948,3.6900001,0,0,0,0,0,1,1
6/15/2010,FL,Coral Springs,192.92288,4.643846,0,0,0,0,0,1,1
6/22/2010,FL,Coral Springs,134.71292,4.3649998,0,0,0,0,0,1,1
6/29/2010,FL,Coral Springs,118.93893,4.643846,0,0,0,0,0,1,1
7/6/2010,FL,Coral Springs,206.22037,3.9015384,0,0,0,0,0,1,1
7/13/2010,FL,Coral Springs,149.38333,4.1016665,0,0,0,0,0,1,1
5/4/2010,FL,Fort Lauderdale,152.35028,4.3733335,0,0,0,0,0,3,2
5/11/2010,FL,Fort Lauderdale,118.76813,4.0366669,0,0,0,0,0,3,2
5/18/2010,FL,Fort Lauderdale,147.81766,3.8435714,0,0,0,0,0,3,2
5/25/2010,FL,Fort Lauderdale,199.09332,4.0553846,0,0,0,0,0,3,2
6/1/2010,FL,Fort Lauderdale,160.96977,3.8435714,0,0,0,0,0,3,2
6/8/2010,FL,Fort Lauderdale,204.55913,4.1042857,0,0,0,0,0,3,2
6/15/2010,FL,Fort Lauderdale,189.28983,4.1166668,0,0,0,0,0,3,2
6/22/2010,FL,Fort Lauderdale,177.42078,4.1042857,0,0,0,0,0,3,2
6/29/2010,FL,Fort Lauderdale,173.9913,4.1166668,0,0,0,0,0,3,2
7/6/2010,FL,Fort Lauderdale,141.86787,3.7085714,0,0,0,0,0,3,2
7/13/2010,FL,Fort Lauderdale,232.06235,3.7085714,0,0,0,0,0,3,2
5/4/2010,FL,Palm Beach Gardens,179.03076,4.5592308,0,0,0,0,0,1,4
5/11/2010,FL,Palm Beach Gardens,238.27528,4.2087498,0,0,0,0,0,1,4
5/18/2010,FL,Palm Beach Gardens,163.09534,4.055625,0,0,0,0,0,1,4
5/25/2010,FL,Palm Beach Gardens,239.57607,4.055625,0,0,0,0,0,1,4
6/1/2010,FL,Palm Beach Gardens,204.93451,4.055625,0,0,0,0,0,1,4
6/8/2010,FL,Palm Beach Gardens,156.40947,4.3833332,0,0,0,0,0,1,4
6/15/2010,FL,Palm Beach Gardens,242.68881,4.4699998,0,0,0,0,0,1,4
6/22/2010,FL,Palm Beach Gardens,239.1235,4.4699998,0,0,0,0,0,1,4
6/29/2010,FL,Palm Beach Gardens,199.0134,4.0983334,0,0,0,0,0,1,4
7/6/2010,FL,Palm Beach Gardens,107.13303,4.1935716,0,0,0,0,0,1,4
7/13/2010,FL,Palm Beach Gardens,241.64243,4.3714285,0,0,0,0,0,1,4
5/4/2010,FL,Plantation,201.31407,4.3899999,0,0,0,0,0,2,5
5/11/2010,FL,Plantation,132.29828,4.3899999,0,0,0,0,0,2,5
5/18/2010,FL,Plantation,165.5683,4.0127273,0,0,0,0,0,2,5
5/25/2010,FL,Plantation,191.6983,3.8092308,0,0,0,0,0,2,5
6/1/2010,FL,Plantation,182.7394,4.1466665,0,0,0,0,0,2,5
6/8/2010,FL,Plantation,209.09798,4.3587499,0,0,0,0,0,2,5
6/15/2010,FL,Plantation,239.34123,4.3587499,0,0,0,0,0,2,5
6/22/2010,FL,Plantation,137.8719,4.1166668,0,0,0,0,0,2,5
6/29/2010,FL,Plantation,238.40282,4.336154,0,0,0,0,0,2,5
7/6/2010,FL,Plantation,237.22507,4.0930767,0,0,0,0,0,2,5
7/13/2010,FL,Plantation,111.44654,4.0930767,0,0,0,0,0,2,5
5/4/2010,FL,Sarasota,128.69191,4.3899999,0,0,0,0,0,1,3
5/11/2010,FL,Sarasota,281.94864,4.3899999,0,0,0,0,0,1,3
5/18/2010,FL,Sarasota,197.53479,4.145,0,0,0,0,0,1,3
5/25/2010,FL,Sarasota,265.47861,4.2166667,0,1,0,0,0,1,3
6/1/2010,FL,Sarasota,230.48953,3.9578571,0,1,0,0,0,1,3
6/8/2010,FL,Sarasota,119.22866,4.1166668,0,1,0,0,0,1,3
6/15/2010,FL,Sarasota,172.05145,4.2185717,0,1,0,0,0,1,3
6/22/2010,FL,Sarasota,189.20587,4.5971427,0,1,0,0,0,1,3
6/29/2010,FL,Sarasota,222.53856,4.1042857,0,1,0,0,0,1,3
7/6/2010,FL,Sarasota,115.90131,3.9078572,0,0,0,0,0,1,3
7/13/2010,FL,Sarasota,177.09897,3.994,0,0,0,0,0,1,3
5/4/2010,MA,Annapolis,155.87296,3.9042857,0,0,0,0,0,1,1
5/11/2010,MA,Annapolis,193.51022,3.54,0,0,0,0,0,1,1
5/18/2010,MA,Annapolis,309.49466,3.4809091,0,0,0,0,0,1,1
5/25/2010,MA,Annapolis,254.92885,3.5983334,0,0,0,0,0,1,1
6/1/2010,MA,Annapolis,195.3084,3.4809091,0,0,0,0,0,1,1
6/8/2010,MA,Annapolis,267.93875,4.0566669,0,0,1,0,0,1,1
6/15/2010,MA,Annapolis,247.1301,4.0566669,0,0,0,1,0,1,1
6/22/2010,MA,Annapolis,299.34167,3.7145455,0,0,0,1,0,1,1
6/29/2010,MA,Annapolis,265.72153,4.04,0,0,0,1,0,1,1
7/6/2010,MA,Annapolis,259.04279,3.7116666,0,0,0,0,1,1,1
7/13/2010,MA,Annapolis,280.65768,3.7116666,0,0,0,0,1,1,1
5/4/2010,MA,Bethesda,138.23123,3.9400001,0,0,0,0,0,3,3
5/11/2010,MA,Bethesda,263.23886,3.5233333,0,0,0,0,0,3,3
5/18/2010,MA,Bethesda,119.96198,3.5471427,0,0,0,0,0,3,3
5/25/2010,MA,Bethesda,212.36198,3.4400001,0,0,0,0,0,3,3
6/1/2010,MA,Bethesda,167.08937,3.5471427,0,0,0,0,0,3,3
6/8/2010,MA,Bethesda,293.52182,3.5233333,0,1,1,0,0,3,3
6/15/2010,MA,Bethesda,207.82069,3.6275001,0,1,0,1,0,3,3
6/22/2010,MA,Bethesda,273.70825,3.6275001,0,1,0,1,0,3,3
6/29/2010,MA,Bethesda,252.25038,3.5233333,0,1,0,1,0,3,3
7/6/2010,MA,Bethesda,299.63568,3.19625,0,1,0,0,1,3,3
7/13/2010,MA,Bethesda,305.56784,3.19625,0,1,0,0,1,3,3
5/4/2010,MA,Cedar Center,170.70253,3.9042857,0,0,0,0,0,2,2
5/11/2010,MA,Cedar Center,115.688,3.9042857,0,0,0,0,0,2,2
5/18/2010,MA,Cedar Center,162.40569,3.6185715,0,0,0,0,0,2,2
5/25/2010,MA,Cedar Center,257.48776,3.7774999,0,0,0,0,0,2,2
6/1/2010,MA,Cedar Center,248.69066,3.7774999,0,0,0,0,0,2,2
6/8/2010,MA,Cedar Center,151.29341,3.7525001,0,0,0,0,0,2,2
6/15/2010,MA,Cedar Center,155.60504,3.9444444,0,0,0,0,0,2,2
6/22/2010,MA,Cedar Center,110.5602,3.8566666,0,0,0,0,0,2,2
6/29/2010,MA,Cedar Center,233.2592,3.9677777,0,0,0,0,0,2,2
7/6/2010,MA,Cedar Center,228.32504,3.4733334,0,0,0,0,0,2,2
7/13/2010,MA,Cedar Center,221.79105,3.4733334,0,0,0,0,0,2,2
5/4/2010,MA,Columbus,326.96442,4.1185713,0,0,0,0,1,0,4
5/11/2010,MA,Columbus,172.13602,4.1275001,0,0,0,0,1,0,4
5/18/2010,MA,Columbus,209.29898,3.6185715,0,0,0,0,0,0,4
5/25/2010,MA,Columbus,158.702,3.7562499,0,0,0,0,0,0,4
6/1/2010,MA,Columbus,203.48323,3.7774999,0,0,0,0,0,0,4
6/8/2010,MA,Columbus,183.09666,3.6344445,0,0,0,0,0,0,4
6/15/2010,MA,Columbus,162.39531,3.7525001,0,0,0,0,0,0,4
6/22/2010,MA,Columbus,372.16675,3.7354546,0,0,1,0,0,0,4
6/29/2010,MA,Columbus,389.75937,3.7354546,0,0,0,1,0,0,4
7/6/2010,MA,Columbus,302.68256,3.4949999,0,0,0,1,0,0,4
7/13/2010,MA,Columbus,301.89694,3.4949999,0,0,0,1,0,0,4
5/4/2010,MA,Fair Lakes,137.12077,3.9042857,0,0,0,0,0,3,1
5/11/2010,MA,Fair Lakes,184.9234,3.54,0,0,0,0,0,3,1
5/18/2010,MA,Fair Lakes,169.83557,3.3399999,0,0,0,0,0,3,1
5/25/2010,MA,Fair Lakes,219.35191,3.3399999,0,0,0,0,0,3,1
6/1/2010,MA,Fair Lakes,148.64037,3.3399999,0,0,0,0,0,3,1
6/8/2010,MA,Fair Lakes,292.90619,3.54,0,0,0,0,0,3,1
6/15/2010,MA,Fair Lakes,222.27631,3.54,0,0,0,0,0,3,1
6/22/2010,MA,Fair Lakes,148.14743,3.6344445,0,0,0,0,0,3,1
6/29/2010,MA,Fair Lakes,270.14188,3.7525001,0,0,0,0,0,3,1
7/6/2010,MA,Fair Lakes,194.17912,3.251111,0,0,0,0,0,3,1
7/13/2010,MA,Fair Lakes,170.53767,3.1259999,0,0,0,0,0,3,1
5/4/2010,MA,Georgetown,171.56587,3.6185715,0,0,0,0,0,2,0
5/11/2010,MA,Georgetown,227.65607,3.6185715,0,0,0,0,0,2,0
5/18/2010,MA,Georgetown,186.24847,3.3399999,0,0,0,0,0,2,0
5/25/2010,MA,Georgetown,235.94997,3.3566666,0,0,0,0,0,2,0
6/1/2010,MA,Georgetown,193.89606,3.3399999,0,0,0,0,0,2,0
6/8/2010,MA,Georgetown,293.98212,3.54,0,0,1,0,0,2,0
6/15/2010,MA,Georgetown,288.09686,3.54,0,0,0,1,0,2,0
6/22/2010,MA,Georgetown,220.34523,3.5233333,0,0,0,1,0,2,0
6/29/2010,MA,Georgetown,309.77609,3.6344445,0,0,0,1,0,2,0
7/6/2010,MA,Georgetown,252.82365,3.1259999,0,0,0,0,1,2,0
7/13/2010,MA,Georgetown,274.33209,3.19625,0,0,0,0,1,2,0
5/4/2010,MA,Jenkintown,221.17931,3.9042857,0,0,0,0,0,1,4
5/11/2010,MA,Jenkintown,213.02563,3.9042857,0,0,0,0,0,1,4
5/18/2010,MA,Jenkintown,239.81657,3.6185715,0,0,0,0,0,1,4
5/25/2010,MA,Jenkintown,230.57761,3.6185715,0,0,0,0,0,1,4
6/1/2010,MA,Jenkintown,192.07886,3.6185715,0,0,0,0,0,1,4
6/8/2010,MA,Jenkintown,241.41486,3.9042857,0,0,0,0,0,1,4
6/15/2010,MA,Jenkintown,129.92389,3.9042857,0,0,0,0,0,1,4
6/22/2010,MA,Jenkintown,186.57298,3.54,0,0,0,0,0,1,4
6/29/2010,MA,Jenkintown,349.81802,3.54,0,0,1,0,0,1,4
7/6/2010,MA,Jenkintown,285.29346,3.1259999,0,0,0,1,0,1,4
7/13/2010,MA,Jenkintown,272.73447,3.251111,0,0,0,1,0,1,4
5/4/2010,MA,Kentlands,133.16739,3.9042857,0,0,0,0,0,3,0
5/11/2010,MA,Kentlands,228.09061,3.54,0,0,0,0,0,3,0
5/18/2010,MA,Kentlands,169.67142,3.3399999,0,0,0,0,0,3,0
5/25/2010,MA,Kentlands,182.00034,3.5025001,0,0,0,0,0,3,0
6/1/2010,MA,Kentlands,249.75552,3.3399999,0,0,0,0,0,3,0
6/8/2010,MA,Kentlands,200.278,3.54,0,0,0,0,0,3,0
6/15/2010,MA,Kentlands,203.47504,3.54,0,0,1,0,0,3,0
6/22/2010,MA,Kentlands,344.80231,3.54,0,0,0,1,0,3,0
6/29/2010,MA,Kentlands,266.01852,3.6344445,0,0,0,1,0,3,0
7/6/2010,MA,Kentlands,299.90552,3.1259999,0,0,0,1,0,3,0
7/13/2010,MA,Kentlands,332.74298,3.0633333,0,0,0,0,1,3,0
5/4/2010,MA,Louisville,245.79504,3.9677777,0,0,0,0,0,4,2
5/11/2010,MA,Louisville,215.64612,4.0566669,0,0,0,0,0,4,2
5/18/2010,MA,Louisville,138.30679,3.5983334,0,0,0,0,0,4,2
5/25/2010,MA,Louisville,201.37416,3.5983334,0,0,0,0,0,4,2
6/1/2010,MA,Louisville,256.9859,3.5983334,0,0,0,0,0,4,2
6/8/2010,MA,Louisville,188.10437,4.0566669,0,0,0,0,0,4,2
6/15/2010,MA,Louisville,124.38985,4.0566669,0,0,0,0,0,4,2
6/22/2010,MA,Louisville,156.17407,3.7354546,0,0,0,0,0,4,2
6/29/2010,MA,Louisville,288.2326,4.0566669,0,0,0,0,0,4,2
7/6/2010,MA,Louisville,148.26601,3.7116666,0,0,0,0,0,4,2
7/13/2010,MA,Louisville,142.45749,3.7116666,0,0,0,0,0,4,2
5/4/2010,MA,Marlton,257.2803,3.7614286,0,0,0,0,0,3,0
5/11/2010,MA,Marlton,164.27594,3.5233333,0,0,0,0,0,3,0
5/18/2010,MA,Marlton,80.525116,3.3566666,0,0,0,0,0,3,0
5/25/2010,MA,Marlton,271.65775,3.3399999,0,0,0,0,0,3,0
6/1/2010,MA,Marlton,208.29025,3.4400001,0,0,0,0,0,3,0
6/8/2010,MA,Marlton,332.28146,3.511111,0,0,1,0,0,3,0
6/15/2010,MA,Marlton,314.4379,3.5233333,0,0,0,1,0,3,0
6/22/2010,MA,Marlton,305.09424,3.5233333,0,0,0,1,0,3,0
6/29/2010,MA,Marlton,224.28601,3.5233333,0,0,0,1,0,3,0
7/6/2010,MA,Marlton,215.47607,3.0633333,0,0,0,0,1,3,0
7/13/2010,MA,Marlton,322.69748,3.0633333,0,0,0,0,1,3,0
5/4/2010,MA,Mount Washington,237.71606,3.9042857,0,0,0,0,0,0,0
5/11/2010,MA,Mount Washington,149.31694,3.9042857,0,0,0,0,0,0,0
5/18/2010,MA,Mount Washington,103.89608,3.6185715,0,0,0,0,0,0,0
5/25/2010,MA,Mount Washington,141.209,3.6185715,0,0,0,0,0,0,0
6/1/2010,MA,Mount Washington,216.53256,3.6185715,0,0,0,0,0,0,0
6/8/2010,MA,Mount Washington,352.43027,3.9042857,0,0,1,0,0,0,0
6/15/2010,MA,Mount Washington,186.6678,3.9042857,0,0,0,1,0,0,0
6/22/2010,MA,Mount Washington,290.7796,3.9042857,0,0,0,1,0,0,0
6/29/2010,MA,Mount Washington,273.34372,3.9042857,0,0,0,1,0,0,0
7/6/2010,MA,Mount Washington,299.30554,3.6085715,0,0,0,0,1,0,0
7/13/2010,MA,Mount Washington,249.27425,3.6085715,0,0,0,0,1,0,0
5/4/2010,MA,Old Town,113.51073,3.9042857,0,0,0,0,0,1,4
5/11/2010,MA,Old Town,267.5314,3.54,0,0,0,0,0,1,4
5/18/2010,MA,Old Town,175.82855,3.3399999,0,0,0,0,0,1,4
5/25/2010,MA,Old Town,235.56757,3.4122221,0,0,0,0,0,1,4
6/1/2010,MA,Old Town,151.33727,3.3399999,0,0,0,0,0,1,4
6/8/2010,MA,Old Town,211.42325,3.6344445,0,0,0,0,0,1,4
6/15/2010,MA,Old Town,272.30203,3.54,0,0,0,0,0,1,4
6/22/2010,MA,Old Town,163.02528,3.54,0,0,0,0,0,1,4
6/29/2010,MA,Old Town,170.96248,3.54,0,0,0,0,0,1,4
7/6/2010,MA,Old Town,176.15169,3.1259999,0,0,0,0,0,1,4
7/13/2010,MA,Old Town,145.65044,3.1259999,0,0,0,0,0,1,4
5/4/2010,MA,P Street,136.57309,4.1275001,0,0,0,0,0,1,4
5/11/2010,MA,P Street,274.90948,3.54,0,0,0,0,0,1,4
5/18/2010,MA,P Street,201.68845,3.5983334,0,0,0,0,0,1,4
5/25/2010,MA,P Street,173.88828,3.5983334,0,0,0,0,0,1,4
6/1/2010,MA,P Street,253.95833,3.5983334,0,0,0,0,0,1,4
6/8/2010,MA,P Street,236.74915,4.0566669,0,0,0,0,0,1,4
6/15/2010,MA,P Street,269.81424,4.0566669,0,0,0,0,0,1,4
6/22/2010,MA,P Street,348.92557,4.0566669,0,0,1,0,0,1,4
6/29/2010,MA,P Street,243.0881,4.0566669,0,0,0,1,0,1,4
7/6/2010,MA,P Street,273.53226,3.7116666,0,0,0,1,0,1,4
7/13/2010,MA,P Street,286.31473,3.7116666,0,0,0,1,0,1,4
5/4/2010,MA,Philadelphia,156.631,3.9042857,0,0,0,0,0,4,2
5/11/2010,MA,Philadelphia,170.64444,3.6344445,0,0,0,0,0,4,2
5/18/2010,MA,Philadelphia,186.39774,3.3399999,0,0,0,0,0,4,2
5/25/2010,MA,Philadelphia,250.87648,3.4122221,0,0,0,0,0,4,2
6/1/2010,MA,Philadelphia,199.68929,3.4042857,0,0,0,0,0,4,2
6/8/2010,MA,Philadelphia,148.63493,3.9042857,0,0,0,0,0,4,2
6/15/2010,MA,Philadelphia,320.93991,3.9042857,0,0,0,0,0,4,2
6/22/2010,MA,Philadelphia,187.72749,3.9042857,0,0,0,0,0,4,2
6/29/2010,MA,Philadelphia,235.12672,3.9042857,0,0,0,0,0,4,2
7/6/2010,MA,Philadelphia,215.64349,3.6085715,0,0,0,0,0,4,2
7/13/2010,MA,Philadelphia,215.02603,3.6085715,0,0,0,0,0,4,2
5/4/2010,MA,Princeton,163.57884,4.1371427,0,0,0,0,0,0,3
5/11/2010,MA,Princeton,240.14284,3.74,0,0,0,0,0,0,3
5/18/2010,MA,Princeton,173.96436,3.6566668,0,0,0,0,0,0,3
5/25/2010,MA,Princeton,208.72592,3.3399999,0,0,0,0,0,0,3
6/1/2010,MA,Princeton,241.91299,3.4809091,0,0,0,0,0,0,3
6/8/2010,MA,Princeton,199.37256,3.7354546,0,0,0,0,0,0,3
6/15/2010,MA,Princeton,128.15942,3.7354546,0,0,0,0,0,0,3
6/22/2010,MA,Princeton,294.96158,3.7354546,0,0,1,0,0,0,3
6/29/2010,MA,Princeton,174.5903,3.829,0,0,0,1,0,0,3
7/6/2010,MA,Princeton,336.47345,3.3590908,0,0,0,1,0,0,3
7/13/2010,MA,Princeton,307.93997,3.3590908,0,0,0,1,0,0,3
5/4/2010,MA,Rockville,171.96582,3.9042857,0,0,0,0,0,1,4
5/11/2010,MA,Rockville,254.49796,3.9042857,0,0,0,0,0,1,4
5/18/2010,MA,Rockville,169.60365,3.3399999,0,0,0,0,0,1,4
5/25/2010,MA,Rockville,128.23627,3.3399999,0,0,0,0,0,1,4
6/1/2010,MA,Rockville,220.51863,3.3399999,0,0,0,0,0,1,4
6/8/2010,MA,Rockville,262.89154,3.54,0,0,0,0,0,1,4
6/15/2010,MA,Rockville,309.22055,3.54,0,0,0,0,0,1,4
6/22/2010,MA,Rockville,243.57384,3.54,0,0,1,0,0,1,4
6/29/2010,MA,Rockville,234.5343,3.54,0,0,0,1,0,1,4
7/6/2010,MA,Rockville,323.54788,3.1259999,0,0,0,1,0,1,4
7/13/2010,MA,Rockville,298.39008,3.1259999,0,0,0,1,0,1,4
5/4/2010,MA,Short Pump,202.6899,3.9042857,0,0,0,0,0,0,1
5/11/2010,MA,Short Pump,277.1521,3.9042857,0,0,0,0,0,0,1
5/18/2010,MA,Short Pump,184.94136,3.7774999,0,0,0,0,0,0,1
5/25/2010,MA,Short Pump,269.42856,3.6185715,0,0,0,0,0,0,1
6/1/2010,MA,Short Pump,226.95314,3.5025001,0,0,0,0,0,0,1
6/8/2010,MA,Short Pump,51.733292,3.9677777,0,0,0,0,0,0,1
6/15/2010,MA,Short Pump,215.30917,3.7525001,0,0,0,0,0,0,1
6/22/2010,MA,Short Pump,261.72052,3.8399999,0,0,0,0,0,0,1
6/29/2010,MA,Short Pump,196.7738,3.8399999,0,0,0,0,0,0,1
7/6/2010,MA,Short Pump,141.00012,3.3671429,0,0,0,0,0,0,1
7/13/2010,MA,Short Pump,201.60323,3.6611111,0,0,0,0,0,0,1
5/4/2010,MA,Tysons,185.37633,3.7525001,0,0,0,0,0,0,5
5/11/2010,MA,Tysons,220.86064,3.54,0,0,0,0,0,0,5
5/18/2010,MA,Tysons,180.13246,3.3399999,0,0,0,0,0,0,5
5/25/2010,MA,Tysons,221.74469,3.3399999,0,0,0,0,0,0,5
6/1/2010,MA,Tysons,196.86668,3.4122221,0,0,0,0,0,0,5
6/8/2010,MA,Tysons,233.5011,3.6344445,0,0,0,0,0,0,5
6/15/2010,MA,Tysons,312.23761,3.7525001,0,0,1,0,0,0,5
6/22/2010,MA,Tysons,257.85306,3.6344445,0,0,0,1,0,0,5
6/29/2010,MA,Tysons,276.04987,4.0566669,0,0,0,1,0,0,5
7/6/2010,MA,Tysons,330.71677,3.1259999,0,0,0,1,0,0,5
7/13/2010,MA,Tysons,320.61072,3.5318182,0,0,0,0,1,0,5
5/4/2010,MA,Vienna,204.41295,3.5650001,0,0,0,0,0,1,4
5/11/2010,MA,Vienna,177.70282,3.54,0,0,0,0,0,1,4
5/18/2010,MA,Vienna,98.098495,3.3399999,0,0,0,0,0,1,4
5/25/2010,MA,Vienna,177.76132,3.4122221,0,0,0,0,0,1,4
6/1/2010,MA,Vienna,213.89909,3.3399999,0,0,0,0,0,1,4
6/8/2010,MA,Vienna,193.924,3.6344445,0,0,0,0,0,1,4
6/15/2010,MA,Vienna,201.35268,3.4757142,0,0,0,0,0,1,4
6/22/2010,MA,Vienna,195.15134,3.54,0,0,0,0,0,1,4
6/29/2010,MA,Vienna,177.59047,3.54,0,0,0,0,0,1,4
7/6/2010,MA,Vienna,173.67383,3.1259999,0,0,0,0,0,1,4
7/13/2010,MA,Vienna,158.11966,3.4075,0,0,0,0,0,1,4
5/4/2010,MW,Ann Arbor,171.02147,4.1900001,1,0,0,0,0,2,3
5/11/2010,MW,Ann Arbor,213.92719,4.6900001,1,0,0,0,0,2,3
5/18/2010,MW,Ann Arbor,303.14185,4.1525002,1,0,0,0,0,2,3
5/25/2010,MW,Ann Arbor,234.53058,4.3011112,1,0,0,0,0,2,3
6/1/2010,MW,Ann Arbor,269.08569,3.6718183,1,0,0,0,0,2,3
6/8/2010,MW,Ann Arbor,300.54843,4.0627275,1,0,0,0,0,2,3
6/15/2010,MW,Ann Arbor,288.18018,4.3899999,1,0,1,0,0,2,3
6/22/2010,MW,Ann Arbor,396.24957,4.3899999,1,0,1,1,0,2,3
6/29/2010,MW,Ann Arbor,256.55014,3.7354546,1,0,0,1,0,2,3
7/6/2010,MW,Ann Arbor,295.89902,3.9107692,1,0,0,1,0,2,3
7/13/2010,MW,Ann Arbor,456.46658,4.1116667,1,0,0,1,1,2,3
5/4/2010,MW,Deerfield,309.36771,4.6122222,1,0,0,0,0,3,3
5/11/2010,MW,Deerfield,350.66537,4.5900002,1,0,0,0,0,3,3
5/18/2010,MW,Deerfield,346.59225,3.7650001,1,0,0,0,0,3,3
5/25/2010,MW,Deerfield,265.65103,3.7130768,1,0,0,0,0,3,3
6/1/2010,MW,Deerfield,288.29236,4.1354547,1,0,0,0,0,3,3
6/8/2010,MW,Deerfield,344.05807,4.0757141,1,0,1,0,0,3,3
6/15/2010,MW,Deerfield,308.46143,4.0757141,1,0,0,1,0,3,3
6/22/2010,MW,Deerfield,350.90475,3.5899999,1,0,0,1,0,3,3
6/29/2010,MW,Deerfield,333.06564,4.0566669,1,0,0,1,0,3,3
7/6/2010,MW,Deerfield,352.88013,3.3735714,1,0,0,0,1,3,3
7/13/2010,MW,Deerfield,348.12137,4.1139998,1,0,0,0,1,3,3
5/4/2010,MW,Galleria,314.56177,4.167778,1,0,0,0,0,1,4
5/11/2010,MW,Galleria,197.92664,4.167778,1,0,0,0,0,1,4
5/18/2010,MW,Galleria,204.79184,3.5438461,1,0,0,0,0,1,4
5/25/2010,MW,Galleria,181.47406,3.6400001,1,0,0,0,0,1,4
6/1/2010,MW,Galleria,287.24277,3.5438461,1,0,0,0,0,1,4
6/8/2010,MW,Galleria,112.29142,3.7746153,1,0,0,0,0,1,4
6/15/2010,MW,Galleria,232.40187,3.8185713,1,0,0,0,0,1,4
6/22/2010,MW,Galleria,227.44032,3.8185713,1,0,0,0,0,1,4
6/29/2010,MW,Galleria,279.66235,3.8185713,1,0,0,0,0,1,4
7/6/2010,MW,Galleria,253.47304,3.3735714,1,0,0,0,0,1,4
7/13/2010,MW,Galleria,231.83257,3.3735714,1,0,0,0,0,1,4
5/4/2010,MW,Gold Coast,207.12207,4.6122222,1,0,0,0,0,1,5
5/11/2010,MW,Gold Coast,191.00311,4.6122222,1,0,0,0,0,1,5
5/18/2010,MW,Gold Coast,209.20276,4,1,0,0,0,0,1,5
5/25/2010,MW,Gold Coast,334.17136,3.8344445,1,0,0,0,0,1,5
6/1/2010,MW,Gold Coast,269.53595,3.73,1,0,0,0,0,1,5
6/8/2010,MW,Gold Coast,345.82663,4.0966668,1,0,0,0,0,1,5
6/15/2010,MW,Gold Coast,232.05936,4.0757141,1,0,0,0,0,1,5
6/22/2010,MW,Gold Coast,196.24413,4.0966668,1,0,0,0,0,1,5
6/29/2010,MW,Gold Coast,269.96411,4.0757141,1,0,0,0,0,1,5
7/6/2010,MW,Gold Coast,256.6149,3.5374999,1,0,0,0,0,1,5
7/13/2010,MW,Gold Coast,244.19388,3.4963636,1,0,0,0,0,1,5
5/4/2010,MW,Lake Calhoun (aka Minneapolis),173.61154,4.5500002,1,0,0,0,0,1,2
5/11/2010,MW,Lake Calhoun (aka Minneapolis),279.76895,4.0233335,1,0,0,0,0,1,2
5/18/2010,MW,Lake Calhoun (aka Minneapolis),237.15465,3.73,1,0,0,0,0,1,2
5/25/2010,MW,Lake Calhoun (aka Minneapolis),253.02385,3.73,1,0,0,0,0,1,2
6/1/2010,MW,Lake Calhoun (aka Minneapolis),208.05759,3.8983333,1,0,0,0,0,1,2
6/8/2010,MW,Lake Calhoun (aka Minneapolis),275.39539,4.0966668,1,0,0,0,0,1,2
6/15/2010,MW,Lake Calhoun (aka Minneapolis),272.44504,4.6185713,1,0,0,0,0,1,2
6/22/2010,MW,Lake Calhoun (aka Minneapolis),257.05649,4.0966668,1,0,0,0,0,1,2
6/29/2010,MW,Lake Calhoun (aka Minneapolis),347.23462,4.3400002,1,0,1,0,0,1,2
7/6/2010,MW,Lake Calhoun (aka Minneapolis),288.62491,3.6813333,1,0,0,1,0,1,2
7/13/2010,MW,Lake Calhoun (aka Minneapolis),330.85901,3.6307142,1,0,0,1,0,1,2
5/4/2010,MW,Lakeview,66.38665,4.6122222,1,0,0,0,0,2,3
5/11/2010,MW,Lakeview,267.69019,4.6122222,1,0,0,0,0,2,3
5/18/2010,MW,Lakeview,191.36819,4,1,0,0,0,0,2,3
5/25/2010,MW,Lakeview,285.85886,3.9566667,1,0,0,0,0,2,3
6/1/2010,MW,Lakeview,275.69385,3.6718183,1,0,0,0,0,2,3
6/8/2010,MW,Lakeview,226.22609,4.0757141,1,0,0,0,0,2,3
6/15/2010,MW,Lakeview,413.47797,3.7746153,1,0,1,0,0,2,3
6/22/2010,MW,Lakeview,326.33148,4.0757141,1,0,0,1,0,2,3
6/29/2010,MW,Lakeview,460.86902,4.4757142,1,0,1,1,0,2,3
7/6/2010,MW,Lakeview,352.8779,3.6813333,1,0,0,1,0,2,3
7/13/2010,MW,Lakeview,412.95908,3.4783332,1,0,0,1,1,2,3
5/4/2010,MW,Milwaukee,248.86946,4.167778,1,0,0,0,0,3,3
5/11/2010,MW,Milwaukee,332.24423,4.167778,1,0,0,0,0,3,3
5/18/2010,MW,Milwaukee,309.78989,3.7650001,1,0,0,0,0,3,3
5/25/2010,MW,Milwaukee,201.85704,4,1,0,0,0,0,3,3
6/1/2010,MW,Milwaukee,245.53822,3.8344445,1,0,0,0,0,3,3
6/8/2010,MW,Milwaukee,210.86977,4.167778,1,0,0,0,0,3,3
6/15/2010,MW,Milwaukee,359.96152,4.2081819,1,0,1,0,0,3,3
6/22/2010,MW,Milwaukee,263.16595,4.5354548,1,0,0,1,0,3,3
6/29/2010,MW,Milwaukee,370.37299,4.3566666,1,0,0,1,0,3,3
7/6/2010,MW,Milwaukee,242.76984,3.8845456,1,0,0,1,0,3,3
7/13/2010,MW,Milwaukee,375.24808,3.8845456,1,0,0,0,1,3,3
5/4/2010,MW,New Lincoln Park (aka Lincoln Park),157.72699,4.5500002,1,0,0,0,0,2,5
5/11/2010,MW,New Lincoln Park (aka Lincoln Park),301.30817,4.8627272,1,0,0,0,0,2,5
5/18/2010,MW,New Lincoln Park (aka Lincoln Park),238.59306,4.1354547,1,0,0,0,0,2,5
5/25/2010,MW,New Lincoln Park (aka Lincoln Park),315.8942,4.1354547,1,0,0,0,0,2,5
6/1/2010,MW,New Lincoln Park (aka Lincoln Park),220.09814,4.1354547,1,0,0,0,0,2,5
6/8/2010,MW,New Lincoln Park (aka Lincoln Park),368.07697,4.3400002,1,0,1,0,0,2,5
6/15/2010,MW,New Lincoln Park (aka Lincoln Park),325.72577,4.0966668,1,0,0,1,0,2,5
6/22/2010,MW,New Lincoln Park (aka Lincoln Park),379.68787,4.1199999,1,0,1,1,0,2,5
6/29/2010,MW,New Lincoln Park (aka Lincoln Park),348.65701,4.089375,1,0,0,1,0,2,5
7/6/2010,MW,New Lincoln Park (aka Lincoln Park),416.25372,3.9506249,1,0,0,1,1,2,5
7/13/2010,MW,New Lincoln Park (aka Lincoln Park),471.98483,3.9506249,1,0,0,1,1,2,5
5/4/2010,MW,Northbrook,359.43146,3.5,1,0,0,0,0,2,3
5/11/2010,MW,Northbrook,261.99625,3.5,1,0,0,0,0,2,3
5/18/2010,MW,Northbrook,246.99669,3.5076923,1,0,0,0,0,2,3
5/25/2010,MW,Northbrook,232.13336,3.4926667,1,0,0,0,0,2,3
6/1/2010,MW,Northbrook,284.22949,3.6500001,1,0,0,0,0,2,3
6/8/2010,MW,Northbrook,329.24988,2.944,1,0,1,0,0,2,3
6/15/2010,MW,Northbrook,373.44485,2.8993332,1,0,0,1,0,2,3
6/22/2010,MW,Northbrook,335.26492,3.3912499,1,0,0,1,0,2,3
6/29/2010,MW,Northbrook,408.43518,3.0846667,1,0,0,1,0,2,3
7/6/2010,MW,Northbrook,341.31525,3.6856251,1,0,0,0,1,2,3
7/13/2010,MW,Northbrook,324.47577,3.3626666,1,0,0,0,1,2,3
5/4/2010,MW,Palatine,226.8354,4.1900001,1,0,0,0,0,1,5
5/11/2010,MW,Palatine,319.37158,4.167778,1,0,0,0,0,1,5
5/18/2010,MW,Palatine,279.93851,3.7650001,1,0,0,0,0,1,5
5/25/2010,MW,Palatine,197.50706,3.7650001,1,0,0,0,0,1,5
6/1/2010,MW,Palatine,280.70685,3.6900001,1,0,0,0,0,1,5
6/8/2010,MW,Palatine,220.51393,3.8053846,1,0,0,0,0,1,5
6/15/2010,MW,Palatine,270.49091,4.0757141,1,0,0,0,0,1,5
6/22/2010,MW,Palatine,350.24399,3.8185713,1,0,1,0,0,1,5
6/29/2010,MW,Palatine,320.67923,4.2185717,1,0,0,1,0,1,5
7/6/2010,MW,Palatine,270.87756,3.7378571,1,0,0,1,0,1,5
7/13/2010,MW,Palatine,373.01199,3.4415386,1,0,0,1,0,1,5
5/4/2010,MW,Regency (aka Omaha),180.4949,3.8299999,1,0,0,0,0,3,5
5/11/2010,MW,Regency (aka Omaha),224.63083,3.7746153,1,0,0,0,0,3,5
5/18/2010,MW,Regency (aka Omaha),213.23584,3.6042857,1,0,0,0,0,3,5
5/25/2010,MW,Regency (aka Omaha),184.02852,3.5438461,1,0,0,0,0,3,5
6/1/2010,MW,Regency (aka Omaha),264.33466,3.6400001,1,0,0,0,0,3,5
6/8/2010,MW,Regency (aka Omaha),239.64848,3.8445454,1,0,0,0,0,3,5
6/15/2010,MW,Regency (aka Omaha),334.02078,3.79,1,0,0,0,0,3,5
6/22/2010,MW,Regency (aka Omaha),203.48299,3.7746153,1,0,0,0,0,3,5
6/29/2010,MW,Regency (aka Omaha),243.95859,3.7233334,1,0,0,0,0,3,5
7/6/2010,MW,Regency (aka Omaha),277.35156,3.2953846,1,0,0,0,0,3,5
7/13/2010,MW,Regency (aka Omaha),337.1564,3.2953846,1,0,0,0,0,3,5
5/4/2010,MW,Sauganash,287.91095,4.1900001,1,0,0,0,0,0,4
5/11/2010,MW,Sauganash,283.36179,4.167778,1,0,0,0,0,0,4
5/18/2010,MW,Sauganash,240.78453,3.5438461,1,0,0,0,0,0,4
5/25/2010,MW,Sauganash,190.78857,3.73,1,0,0,0,0,0,4
6/1/2010,MW,Sauganash,182.67999,3.8257143,1,0,0,0,0,0,4
6/8/2010,MW,Sauganash,295.76776,3.9284616,1,0,0,0,0,0,4
6/15/2010,MW,Sauganash,227.78671,3.74,1,0,0,0,0,0,4
6/22/2010,MW,Sauganash,180.26323,3.74,1,0,0,0,0,0,4
6/29/2010,MW,Sauganash,171.31509,3.6435714,1,0,0,0,0,0,4
7/6/2010,MW,Sauganash,305.19559,3.5179999,1,0,0,0,0,0,4
7/13/2010,MW,Sauganash,260.91327,3.7816668,1,0,0,0,0,0,4
5/4/2010,MW,South Loop,194.99294,4.167778,1,0,0,0,0,0,2
5/11/2010,MW,South Loop,272.00479,4.5500002,1,0,0,0,0,0,2
5/18/2010,MW,South Loop,287.80902,3.6284616,1,0,0,0,0,0,2
5/25/2010,MW,South Loop,249.91364,3.7614286,1,0,0,0,0,0,2
6/1/2010,MW,South Loop,331.06757,3.682857,1,0,0,0,0,0,2
6/8/2010,MW,South Loop,294.77798,4.0966668,1,0,0,0,0,0,2
6/15/2010,MW,South Loop,428.25949,4.0966668,1,0,0,0,0,0,2
6/22/2010,MW,South Loop,303.94495,4.3366666,1,0,1,0,0,0,2
6/29/2010,MW,South Loop,422.67258,3.391875,1,0,1,1,0,0,2
7/6/2010,MW,South Loop,305.53107,3.578125,1,0,0,1,0,0,2
7/13/2010,MW,South Loop,363.06296,2.9478571,1,0,0,1,0,0,2
5/4/2010,MW,West Bloomfield,232.26305,4.167778,1,0,0,0,0,1,4
5/11/2010,MW,West Bloomfield,221.15201,4.167778,1,0,0,0,0,1,4
5/18/2010,MW,West Bloomfield,283.47394,4,1,0,0,0,0,1,4
5/25/2010,MW,West Bloomfield,238.08482,3.8344445,1,0,0,0,0,1,4
6/1/2010,MW,West Bloomfield,252.73257,4,1,0,0,0,0,1,4
6/8/2010,MW,West Bloomfield,299.90317,4.5500002,1,0,0,0,0,1,4
6/15/2010,MW,West Bloomfield,289.22266,4.5500002,1,0,0,0,0,1,4
6/22/2010,MW,West Bloomfield,400.74005,4.5500002,1,0,1,0,0,1,4
6/29/2010,MW,West Bloomfield,311.81458,3.7233334,1,0,0,1,0,1,4
7/6/2010,MW,West Bloomfield,338.57507,3.5723076,1,0,0,1,0,1,4
7/13/2010,MW,West Bloomfield,214.46194,3.5723076,1,0,0,1,0,1,4
5/4/2010,MW,Wheaton,268.60745,4.6122222,1,0,0,0,0,2,4
5/11/2010,MW,Wheaton,341.00818,4.6122222,1,0,0,0,0,2,4
5/18/2010,MW,Wheaton,175.19034,4.0677776,1,0,0,0,0,2,4
5/25/2010,MW,Wheaton,219.93788,4.0677776,1,0,0,0,0,2,4
6/1/2010,MW,Wheaton,306.68417,3.7053847,1,0,0,0,0,2,4
6/8/2010,MW,Wheaton,215.11433,4.1042857,1,0,0,0,0,2,4
6/15/2010,MW,Wheaton,196.44881,4.3899999,1,0,1,0,0,2,4
6/22/2010,MW,Wheaton,366.05896,4.0823078,1,0,0,1,0,2,4
6/29/2010,MW,Wheaton,260.07669,4.0566669,1,0,0,1,0,2,4
7/6/2010,MW,Wheaton,345.84885,3.633846,1,0,0,1,0,2,4
7/13/2010,MW,Wheaton,346.9512,3.6592858,1,0,0,0,1,2,4
5/4/2010,MW,Willowbrook,236.51711,4.5500002,1,0,0,0,0,3,3
5/11/2010,MW,Willowbrook,200.76071,4.0966668,1,0,0,0,0,3,3
5/18/2010,MW,Willowbrook,255.70224,3.9366667,1,0,0,0,0,3,3
5/25/2010,MW,Willowbrook,269.47293,3.8399999,1,0,0,0,0,3,3
6/1/2010,MW,Willowbrook,199.04758,3.73,1,0,0,0,0,3,3
6/8/2010,MW,Willowbrook,239.13177,4.3400002,1,0,0,0,0,3,3
6/15/2010,MW,Willowbrook,257.53513,4.0966668,1,0,0,0,0,3,3
6/22/2010,MW,Willowbrook,467.47354,4.0966668,1,0,1,0,0,3,3
6/29/2010,MW,Willowbrook,487.99911,4.3400002,1,0,1,1,0,3,3
7/6/2010,MW,Willowbrook,296.34238,3.6813333,1,0,0,1,0,3,3
7/13/2010,MW,Willowbrook,329.35001,3.9506249,1,0,0,1,0,3,3
5/4/2010,NA,Bedford,185.93068,4.2042856,0,0,0,0,0,2,5
5/11/2010,NA,Bedford,139.78139,4.2042856,0,0,0,0,0,2,5
5/18/2010,NA,Bedford,148.0363,3.7566667,0,0,0,0,0,2,5
5/25/2010,NA,Bedford,188.05333,3.8614285,0,0,0,0,0,2,5
6/1/2010,NA,Bedford,186.24054,3.8614285,0,0,0,0,0,2,5
6/8/2010,NA,Bedford,167.50957,4.2042856,0,0,0,0,0,2,5
6/15/2010,NA,Bedford,106.25215,4.1566668,0,0,0,0,0,2,5
6/22/2010,NA,Bedford,167.94479,4.1149998,0,0,0,0,0,2,5
6/29/2010,NA,Bedford,87.516365,4.2042856,0,0,0,0,0,2,5
7/6/2010,NA,Bedford,171.45285,3.78,0,0,0,0,0,2,5
7/13/2010,NA,Bedford,116.25538,3.2733333,0,0,0,0,0,2,5
5/4/2010,NA,Bellingham,156.18498,4.2042856,0,0,0,0,0,2,0
5/11/2010,NA,Bellingham,208.03545,4.1185713,0,0,0,0,0,2,0
5/18/2010,NA,Bellingham,165.13921,3.8614285,0,0,0,0,0,2,0
5/25/2010,NA,Bellingham,165.86792,3.8614285,0,0,0,0,0,2,0
6/1/2010,NA,Bellingham,134.33644,3.7566667,0,0,0,0,0,2,0
6/8/2010,NA,Bellingham,187.07895,4.2042856,0,0,0,0,0,2,0
6/15/2010,NA,Bellingham,230.61404,4.2042856,0,0,0,0,0,2,0
6/22/2010,NA,Bellingham,150.45427,4.2042856,0,0,0,0,0,2,0
6/29/2010,NA,Bellingham,303.29102,3.8233333,0,0,0,0,0,2,0
7/6/2010,NA,Bellingham,256.18146,3.096,0,0,0,0,0,2,0
7/13/2010,NA,Bellingham,241.45294,3.096,0,0,0,0,0,2,0
5/4/2010,NA,Cranston (aka Garden City Center),170.86966,4.2042856,0,0,0,0,0,1,1
5/11/2010,NA,Cranston (aka Garden City Center),181.32185,4.1442857,0,0,0,0,0,1,1
5/18/2010,NA,Cranston (aka Garden City Center),207.62914,3.8614285,0,0,0,0,0,1,1
5/25/2010,NA,Cranston (aka Garden City Center),275.83142,3.8614285,0,0,0,0,0,1,1
6/1/2010,NA,Cranston (aka Garden City Center),265.69913,3.8614285,0,0,0,0,0,1,1
6/8/2010,NA,Cranston (aka Garden City Center),175.77995,4.2042856,0,0,0,0,0,1,1
6/15/2010,NA,Cranston (aka Garden City Center),259.85764,4.2042856,0,0,0,0,0,1,1
6/22/2010,NA,Cranston (aka Garden City Center),178.21758,4.2042856,0,0,0,0,0,1,1
6/29/2010,NA,Cranston (aka Garden City Center),257.44904,4.2042856,0,0,0,0,0,1,1
7/6/2010,NA,Cranston (aka Garden City Center),157.42435,3.78,0,0,0,0,0,1,1
7/13/2010,NA,Cranston (aka Garden City Center),217.67586,3.4242857,0,0,0,0,0,1,1
5/4/2010,NA,Framingham,111.15614,4.2042856,0,0,0,0,0,2,1
5/11/2010,NA,Framingham,193.77509,4.2042856,0,0,0,0,0,2,1
5/18/2010,NA,Framingham,119.11089,3.8614285,0,0,0,0,0,2,1
5/25/2010,NA,Framingham,260.31146,3.8614285,0,0,0,0,0,2,1
6/1/2010,NA,Framingham,227.59918,3.8614285,0,0,0,0,0,1,1
6/8/2010,NA,Framingham,161.89308,4.2042856,0,0,0,0,0,1,1
6/15/2010,NA,Framingham,141.3786,4.2042856,0,0,0,0,0,1,1
6/22/2010,NA,Framingham,231.12439,4.2042856,0,0,0,0,0,1,1
6/29/2010,NA,Framingham,198.1649,4.2042856,0,0,0,0,0,1,1
7/6/2010,NA,Framingham,279.10944,3.78,0,0,0,0,0,1,1
7/13/2010,NA,Framingham,147.9762,3.78,0,0,0,0,0,1,1
5/4/2010,NA,Fresh Pond,183.6514,4.6275001,0,0,0,0,0,1,1
5/11/2010,NA,Fresh Pond,197.10068,4.2042856,0,0,0,0,0,1,1
5/18/2010,NA,Fresh Pond,199.90515,3.8614285,0,0,0,0,0,1,1
5/25/2010,NA,Fresh Pond,196.18916,4.0650001,0,0,0,0,0,1,1
6/1/2010,NA,Fresh Pond,153.55898,3.8614285,0,0,0,0,0,1,1
6/8/2010,NA,Fresh Pond,175.43532,4.2042856,0,0,0,0,0,1,1
6/15/2010,NA,Fresh Pond,176.74472,4.6275001,0,0,0,0,0,1,1
6/22/2010,NA,Fresh Pond,137.50879,4.2042856,0,0,0,0,0,1,1
6/29/2010,NA,Fresh Pond,165.45235,4.0445457,0,0,0,0,0,1,1
7/6/2010,NA,Fresh Pond,219.32536,3.5045455,0,0,0,0,0,1,1
7/13/2010,NA,Fresh Pond,162.06738,3.5045455,0,0,0,0,0,1,1
5/4/2010,NA,Hadley,104.75567,4.6471429,0,0,0,0,0,0,3
5/11/2010,NA,Hadley,202.08356,4.6275001,0,0,0,0,0,0,3
5/18/2010,NA,Hadley,142.12177,4.0042858,0,0,0,0,0,0,3
5/25/2010,NA,Hadley,223.05379,3.8614285,0,0,0,0,0,0,3
6/1/2010,NA,Hadley,256.42987,3.8614285,0,0,0,0,0,0,3
6/8/2010,NA,Hadley,168.2019,4.6275001,0,0,0,0,0,0,3
6/15/2010,NA,Hadley,100.66542,4.8400002,0,0,0,0,0,0,3
6/22/2010,NA,Hadley,230.24751,4.6275001,0,0,0,0,0,0,3
6/29/2010,NA,Hadley,122.38453,4.6275001,0,0,0,0,0,0,3
7/6/2010,NA,Hadley,175.45723,4.2562499,0,0,0,0,0,0,3
7/13/2010,NA,Hadley,105.8809,3.95,0,0,0,0,0,0,3
5/4/2010,NA,Hingham,169.33044,4.6275001,0,0,0,0,0,1,0
5/11/2010,NA,Hingham,120.30285,4.2042856,0,0,0,0,0,1,0
5/18/2010,NA,Hingham,152.07286,4.0650001,0,0,0,0,0,1,0
5/25/2010,NA,Hingham,184.57944,4.4614286,0,0,0,0,0,1,0
6/1/2010,NA,Hingham,154.56686,3.8614285,0,0,0,0,0,1,0
6/8/2010,NA,Hingham,70.225822,4.6275001,0,0,0,0,0,1,0
6/15/2010,NA,Hingham,149.16971,4.6275001,0,0,0,0,0,1,0
6/22/2010,NA,Hingham,224.3241,4.2042856,0,0,0,0,0,1,0
6/29/2010,NA,Hingham,215.38855,4.6275001,0,0,0,0,0,1,0
7/6/2010,NA,Hingham,169.50655,3.7449999,0,0,0,0,0,1,0
7/13/2010,NA,Hingham,210.36218,3.5045455,0,0,0,0,0,1,0
5/4/2010,NA,Newtonville,221.56812,4.2399998,0,0,0,0,0,2,4
5/11/2010,NA,Newtonville,202.83269,4.2399998,0,0,0,0,0,2,4
5/18/2010,NA,Newtonville,208.25415,4.0650001,0,0,0,0,0,2,4
5/25/2010,NA,Newtonville,129.61862,3.8614285,0,0,0,0,0,2,4
6/1/2010,NA,Newtonville,145.55554,4.0650001,0,0,0,0,0,2,4
6/8/2010,NA,Newtonville,206.05824,4.7185717,0,0,0,0,0,2,4
6/15/2010,NA,Newtonville,164.59875,4.8400002,0,0,0,0,0,2,4
6/22/2010,NA,Newtonville,181.20027,4.7185717,0,0,0,0,0,2,4
6/29/2010,NA,Newtonville,231.43909,4.7185717,0,0,0,0,0,2,4
7/6/2010,NA,Newtonville,47.559853,4.2942858,0,0,0,0,0,2,4
7/13/2010,NA,Newtonville,222.81219,3.4242857,0,0,0,0,0,2,4
5/4/2010,NA,Portland ME (aka Portland),148.39536,4.6275001,0,0,0,0,0,0,4
5/11/2010,NA,Portland ME (aka Portland),182.42508,4.6275001,0,0,0,0,0,0,4
5/18/2010,NA,Portland ME (aka Portland),178.36501,4.0650001,0,0,0,0,0,0,4
5/25/2010,NA,Portland ME (aka Portland),172.81601,4.0650001,0,0,0,0,0,0,4
6/1/2010,NA,Portland ME (aka Portland),306.85056,4.0650001,0,0,0,0,0,0,4
6/8/2010,NA,Portland ME (aka Portland),172.19138,4.6275001,0,0,0,0,0,0,4
6/15/2010,NA,Portland ME (aka Portland),198.37569,4.6275001,0,0,0,0,0,0,4
6/22/2010,NA,Portland ME (aka Portland),142.52068,4.6275001,0,0,0,0,0,0,4
6/29/2010,NA,Portland ME (aka Portland),192.35031,4.6275001,0,0,0,0,0,0,4
7/6/2010,NA,Portland ME (aka Portland),241.55389,4.2562499,0,0,0,0,0,0,4
7/13/2010,NA,Portland ME (aka Portland),292.15555,3.78,0,0,0,0,0,0,4
5/4/2010,NA,River Street,162.85439,4.1614285,0,0,0,0,0,1,1
5/11/2010,NA,River Street,215.70015,4.1171427,0,0,0,0,0,1,1
5/18/2010,NA,River Street,241.17931,3.8185713,0,0,0,0,0,1,1
5/25/2010,NA,River Street,127.69972,3.8185713,0,0,0,0,0,1,1
6/1/2010,NA,River Street,101.56984,3.8185713,0,0,0,0,0,1,1
6/8/2010,NA,River Street,176.67041,4.1614285,0,0,0,0,0,1,1
6/15/2010,NA,River Street,198.147,4.1614285,0,0,0,0,0,1,1
6/22/2010,NA,River Street,197.21175,4.1614285,0,0,0,0,0,1,1
6/29/2010,NA,River Street,119.2911,4.1614285,0,0,0,0,0,1,1
7/6/2010,NA,River Street,265.36942,3.78,0,0,0,0,0,1,1
7/13/2010,NA,River Street,125.21104,3.78,0,0,0,0,0,1,1
5/4/2010,NA,University,190.00824,4.2042856,0,0,0,0,0,2,2
5/11/2010,NA,University,222.04378,4.1500001,0,0,0,0,0,2,2
5/18/2010,NA,University,157.42616,4.0650001,0,0,0,0,0,2,2
5/25/2010,NA,University,170.97656,4.0042858,0,0,0,0,0,2,2
6/1/2010,NA,University,167.89949,4.0650001,0,0,0,0,0,2,2
6/8/2010,NA,University,117.62866,4.6275001,0,0,0,0,0,2,2
6/15/2010,NA,University,264.00479,4.2042856,0,0,0,0,0,2,2
6/22/2010,NA,University,166.37866,4.6275001,0,0,0,0,0,2,2
6/29/2010,NA,University,187.32927,4.1566668,0,0,0,0,0,2,2
7/6/2010,NA,University,300.728,3.78,0,0,0,0,0,2,2
7/13/2010,NA,University,156.65216,3.6187501,0,0,0,0,0,2,2
5/4/2010,NA,West Hartford,176.31361,4.7185717,0,0,0,0,0,2,3
5/11/2010,NA,West Hartford,124.66051,4.7185717,0,0,0,0,0,2,3
5/18/2010,NA,West Hartford,193.13507,4.0650001,0,0,0,0,0,2,3
5/25/2010,NA,West Hartford,207.47813,4.1614285,0,0,0,0,0,2,3
6/1/2010,NA,West Hartford,149.30333,4.1614285,0,0,0,0,0,2,3
6/8/2010,NA,West Hartford,131.20952,4.7185717,0,0,0,0,0,2,3
6/15/2010,NA,West Hartford,252.69887,4.7185717,0,0,0,0,0,2,3
6/22/2010,NA,West Hartford,150.1741,4.7185717,0,0,0,0,0,2,3
6/29/2010,NA,West Hartford,222.38579,4.7185717,0,0,0,0,0,2,3
7/6/2010,NA,West Hartford,128.87054,4.3449998,0,0,0,0,0,2,3
7/13/2010,NA,West Hartford,192.98599,3.7228572,0,0,0,0,0,2,3
5/4/2010,NA,Woburn,228.23021,4.2042856,0,0,0,0,0,3,3
5/11/2010,NA,Woburn,242.1011,4.1900001,0,0,0,0,0,3,3
5/18/2010,NA,Woburn,251.04306,3.8614285,0,0,0,0,0,3,3
5/25/2010,NA,Woburn,189.58195,3.8614285,0,0,0,0,0,3,3
6/1/2010,NA,Woburn,133.33069,3.8614285,0,0,0,0,0,3,3
6/8/2010,NA,Woburn,68.877579,4.1900001,0,0,0,0,0,3,3
6/15/2010,NA,Woburn,261.52228,4.2042856,0,0,0,0,0,3,3
6/22/2010,NA,Woburn,91.499001,4.2042856,0,0,0,0,0,3,3
6/29/2010,NA,Woburn,96.424973,4.2042856,0,0,0,0,0,3,3
7/6/2010,NA,Woburn,177.00165,3.78,0,0,0,0,0,3,3
7/13/2010,NA,Woburn,136.8885,3.7449999,0,0,0,0,0,3,3
5/4/2010,NC,Fresno,194.9268,4.5042858,1,0,0,0,0,2,0
5/11/2010,NC,Fresno,215.84163,4.5900002,1,0,0,0,0,2,0
5/18/2010,NC,Fresno,336.95493,4.3899999,1,0,0,0,0,2,0
5/25/2010,NC,Fresno,225.76294,4.1233335,1,0,0,0,0,2,0
6/1/2010,NC,Fresno,234.1776,4.04,1,0,0,0,0,2,0
6/8/2010,NC,Fresno,299.46866,4.8955555,1,0,0,0,0,2,0
6/15/2010,NC,Fresno,153.63503,4.8800001,1,0,0,0,0,2,0
6/22/2010,NC,Fresno,368.84702,4.8718181,1,0,1,0,0,2,0
6/29/2010,NC,Fresno,343.44504,4.508182,1,0,0,1,0,2,0
7/6/2010,NC,Fresno,191.47028,4.3536363,1,0,0,1,0,2,0
7/13/2010,NC,Fresno,297.37494,3.99,1,0,0,1,0,2,0
5/4/2010,NC,Los Altos,251.38089,4.8566666,1,0,0,0,0,1,5
5/11/2010,NC,Los Altos,195.13823,4.6809092,1,0,0,0,0,1,5
5/18/2010,NC,Los Altos,322.47418,4.5900002,1,0,0,0,0,1,5
5/25/2010,NC,Los Altos,199.27203,4.5900002,1,0,0,0,0,1,5
6/1/2010,NC,Los Altos,250.41608,4.5900002,1,0,0,0,0,1,5
6/8/2010,NC,Los Altos,249.01703,4.9508333,1,0,0,0,0,1,5
6/15/2010,NC,Los Altos,284.49695,4.7750001,1,0,1,0,0,1,5
6/22/2010,NC,Los Altos,256.23767,4.6746154,1,0,0,1,0,1,5
6/29/2010,NC,Los Altos,328.0546,4.3983335,1,0,0,1,0,1,5
7/6/2010,NC,Los Altos,287.57083,4.4566665,1,0,0,1,0,1,5
7/13/2010,NC,Los Altos,228.81265,4.4566665,1,0,0,0,1,1,5
5/4/2010,NC,Napa,253.61998,4.6233335,1,0,0,1,0,3,2
5/11/2010,NC,Napa,321.74921,4.6233335,1,0,0,0,1,3,2
5/18/2010,NC,Napa,231.56674,4.29,1,0,0,0,1,3,2
5/25/2010,NC,Napa,183.85014,4.29,1,0,0,0,0,3,2
6/1/2010,NC,Napa,228.74046,4.29,1,0,0,0,0,3,2
6/8/2010,NC,Napa,234.02795,4.6241665,1,0,0,0,0,3,2
6/15/2010,NC,Napa,294.77045,4.6399999,1,0,0,0,0,3,2
6/22/2010,NC,Napa,204.07515,4.6399999,1,0,0,0,0,3,2
6/29/2010,NC,Napa,276.71774,4.6399999,1,0,0,0,0,3,2
7/6/2010,NC,Napa,209.41891,4.4699998,1,0,0,0,0,3,2
7/13/2010,NC,Napa,250.02367,4.4263635,1,0,0,0,0,3,2
5/4/2010,NC,Petaluma,312.59726,4.6809092,1,0,0,0,0,2,5
5/11/2010,NC,Petaluma,267.80243,4.6809092,1,0,1,0,0,2,5
5/18/2010,NC,Petaluma,293.28952,4.5900002,1,0,0,1,0,2,5
5/25/2010,NC,Petaluma,313.50568,4.5900002,1,0,0,1,0,2,5
6/1/2010,NC,Petaluma,299.49438,4.5900002,1,0,0,1,0,2,5
6/8/2010,NC,Petaluma,277.5531,4.9745455,1,0,0,0,1,2,5
6/15/2010,NC,Petaluma,298.39612,4.9316669,1,0,0,0,1,2,5
6/22/2010,NC,Petaluma,338.87436,4.9316669,1,0,0,0,0,2,5
6/29/2010,NC,Petaluma,188.77255,4.9445453,1,0,0,0,0,2,5
7/6/2010,NC,Petaluma,337.00989,4.79,1,0,0,0,0,2,5
7/13/2010,NC,Petaluma,268.1749,4.79,1,0,0,0,0,2,5
5/4/2010,NC,Redwood City,234.36513,4.8699999,1,0,0,0,0,3,4
5/11/2010,NC,Redwood City,316.10245,4.79,1,0,0,0,0,3,4
5/18/2010,NC,Redwood City,318.19702,4.1900001,1,0,0,0,0,3,4
5/25/2010,NC,Redwood City,239.78828,4.1900001,1,0,0,0,0,3,4
6/1/2010,NC,Redwood City,207.65387,4.4263635,1,0,0,0,0,3,4
6/8/2010,NC,Redwood City,188.49347,4.8990908,1,0,0,0,0,3,4
6/15/2010,NC,Redwood City,792.51624,4.4716668,1,1,1,0,0,3,4
6/22/2010,NC,Redwood City,798.5545,4.2816668,1,1,0,1,0,3,4
6/29/2010,NC,Redwood City,836.32196,4.2816668,1,1,0,1,0,3,4
7/6/2010,NC,Redwood City,756.35632,4.7233334,1,1,0,1,0,3,4
7/13/2010,NC,Redwood City,726.37006,4.7284617,1,1,0,0,1,3,4
5/4/2010,NC,Roseville,285.52112,4.6233335,1,0,0,1,0,2,1
5/11/2010,NC,Roseville,289.12128,4.6809092,1,0,0,1,0,2,1
5/18/2010,NC,Roseville,311.48138,4.0627275,1,0,0,1,0,2,1
5/25/2010,NC,Roseville,260.1387,4.0627275,1,0,0,0,1,2,1
6/1/2010,NC,Roseville,301.97211,4.29,1,0,0,0,1,2,1
6/8/2010,NC,Roseville,301.02255,4.6045456,1,0,0,0,0,2,1
6/15/2010,NC,Roseville,223.20616,4.3200002,1,0,0,0,0,2,1
6/22/2010,NC,Roseville,246.45285,4.5983334,1,0,0,0,0,2,1
6/29/2010,NC,Roseville,223.32784,4.1118183,1,0,0,0,0,2,1
7/6/2010,NC,Roseville,276.77902,3.96,1,0,0,0,0,2,1
7/13/2010,NC,Roseville,268.59305,3.96,1,0,0,0,0,2,1
5/4/2010,NC,Sacramento,287.7963,4.5900002,1,0,0,0,0,3,0
5/11/2010,NC,Sacramento,280.22449,4.5900002,1,0,0,0,0,3,0
5/18/2010,NC,Sacramento,314.64081,3.9011111,1,0,0,0,0,3,0
5/25/2010,NC,Sacramento,223.71118,4.1900001,1,0,0,0,0,3,0
6/1/2010,NC,Sacramento,192.68137,3.9011111,1,0,0,0,0,3,0
6/8/2010,NC,Sacramento,169.33453,4.2222223,1,0,0,0,0,3,0
6/15/2010,NC,Sacramento,249.79205,4.5344443,1,0,0,0,0,3,0
6/22/2010,NC,Sacramento,159.1044,4.5599999,1,0,0,0,0,3,0
6/29/2010,NC,Sacramento,226.89935,4.1788888,1,0,0,0,0,3,0
7/6/2010,NC,Sacramento,252.18346,3.99,1,0,0,0,0,3,0
7/13/2010,NC,Sacramento,284.16254,3.99,1,0,0,0,0,3,0
5/4/2010,NC,San Mateo,274.46719,4.8699999,1,0,0,1,0,1,3
5/11/2010,NC,San Mateo,306.91055,4.8699999,1,0,0,1,0,1,3
5/18/2010,NC,San Mateo,367.71405,4.5500002,1,0,0,0,1,1,3
5/25/2010,NC,San Mateo,276.84943,4.5500002,1,0,0,0,1,1,3
6/1/2010,NC,San Mateo,196.71347,4.5500002,1,0,0,0,0,1,3
6/8/2010,NC,San Mateo,231.29474,4.6233335,1,0,0,0,0,1,3
6/15/2010,NC,San Mateo,265.90448,4.9445453,1,0,0,0,0,1,3
6/22/2010,NC,San Mateo,312.81088,4.859231,1,0,0,0,0,1,3
6/29/2010,NC,San Mateo,244.89859,4.859231,1,0,0,0,0,1,3
7/6/2010,NC,San Mateo,206.59744,4.7284617,1,0,0,0,0,1,3
7/13/2010,NC,San Mateo,325.82547,4.7284617,1,0,0,0,0,1,3
5/4/2010,NC,San Rafael,271.98685,4.79,1,0,0,0,0,1,1
5/11/2010,NC,San Rafael,211.82161,4.79,1,0,0,0,0,1,1
5/18/2010,NC,San Rafael,296.29178,4.4823079,1,0,1,0,0,1,1
5/25/2010,NC,San Rafael,351.67273,4.4823079,1,0,0,1,0,1,1
6/1/2010,NC,San Rafael,480.66168,4.4823079,1,0,1,1,0,1,1
6/8/2010,NC,San Rafael,405.28085,4.8884616,1,0,1,1,0,1,1
6/15/2010,NC,San Rafael,320.55075,4.859231,1,0,0,1,1,1,1
6/22/2010,NC,San Rafael,508.39658,4.5983334,1,0,1,1,1,1,1
6/29/2010,NC,San Rafael,298.11194,4.859231,1,0,0,1,1,1,1
7/6/2010,NC,San Rafael,371.03244,4.7284617,1,0,0,1,1,1,1
7/13/2010,NC,San Rafael,395.26816,4.7284617,1,0,0,1,1,1,1
5/4/2010,NC,San Ramon,269.8884,4.6399999,1,0,0,0,0,2,4
5/11/2010,NC,San Ramon,184.35349,4.6399999,1,0,0,0,0,2,4
5/18/2010,NC,San Ramon,246.55086,4.3011112,1,0,0,0,0,2,4
5/25/2010,NC,San Ramon,274.77502,4.1900001,1,0,0,0,0,2,4
6/1/2010,NC,San Ramon,200.09346,4.1233335,1,0,0,0,0,2,4
6/8/2010,NC,San Ramon,265.8403,4.79,1,0,0,0,0,2,4
6/15/2010,NC,San Ramon,203.94315,4.79,1,0,0,0,0,2,4
6/22/2010,NC,San Ramon,253.76674,4.9042859,1,0,0,0,0,2,4
6/29/2010,NC,San Ramon,294.93384,4.6233335,1,0,0,0,0,2,4
7/6/2010,NC,San Ramon,191.13725,4.4699998,1,0,0,0,0,2,4
7/13/2010,NC,San Ramon,199.4821,4.4263635,1,0,0,0,0,2,4
5/4/2010,NC,Santa Cruz,367.88254,4.3627272,1,0,0,0,1,3,4
5/11/2010,NC,Santa Cruz,341.20926,4.4699998,1,0,0,0,1,3,4
5/18/2010,NC,Santa Cruz,244.49249,4.0627275,1,0,0,0,0,3,4
5/25/2010,NC,Santa Cruz,216.82237,4.0627275,1,0,0,0,0,3,4
6/1/2010,NC,Santa Cruz,213.28716,4.0627275,1,0,0,0,0,3,4
6/8/2010,NC,Santa Cruz,272.76031,4.2719998,1,0,0,0,0,3,4
6/15/2010,NC,Santa Cruz,305.20874,4.1788888,1,0,0,0,0,3,4
6/22/2010,NC,Santa Cruz,267.96924,3.6144445,1,0,0,0,0,3,4
6/29/2010,NC,Santa Cruz,262.36905,3.6718183,1,0,0,0,0,3,4
7/6/2010,NC,Santa Cruz,245.12947,3.6718183,1,0,0,0,0,3,4
7/13/2010,NC,Santa Cruz,301.26758,3.4828572,1,0,0,0,0,3,4
5/4/2010,NC,Santa Rosa,213.96176,4.6566668,1,0,0,0,0,1,1
5/11/2010,NC,Santa Rosa,222.40187,4.6700001,1,0,0,0,0,1,1
5/18/2010,NC,Santa Rosa,347.52402,4.2445455,1,0,1,0,0,1,1
5/25/2010,NC,Santa Rosa,380.59958,4.5718184,1,0,0,1,0,1,1
6/1/2010,NC,Santa Rosa,341.86557,4.5718184,1,0,0,1,0,1,1
6/8/2010,NC,Santa Rosa,357.29776,4.6166668,1,0,0,1,0,1,1
6/15/2010,NC,Santa Rosa,278.12387,4.9316669,1,0,0,0,1,1,1
6/22/2010,NC,Santa Rosa,284.42685,4.9316669,1,0,0,0,1,1,1
6/29/2010,NC,Santa Rosa,260.2041,4.9445453,1,0,0,0,0,1,1
7/6/2010,NC,Santa Rosa,320.30969,4.7284617,1,0,0,0,0,1,1
7/13/2010,NC,Santa Rosa,259.13202,4.7233334,1,0,0,0,0,1,1
5/4/2010,NC,SoMa,355.85901,5.0900002,1,0,0,1,0,0,4
5/11/2010,NC,SoMa,364.87692,5.0900002,1,0,0,1,0,0,4
5/18/2010,NC,SoMa,247.3412,4.4263635,1,0,0,1,1,0,4
5/25/2010,NC,SoMa,378.1434,4.4263635,1,0,0,0,1,0,4
6/1/2010,NC,SoMa,343.97742,4.4263635,1,0,0,0,1,0,4
6/8/2010,NC,SoMa,169.04114,4.8909092,1,0,0,0,0,0,4
6/15/2010,NC,SoMa,220.89325,4.8718181,1,0,0,0,0,0,4
6/22/2010,NC,SoMa,189.65788,4.8718181,1,0,0,0,0,0,4
6/29/2010,NC,SoMa,173.35835,4.8718181,1,0,0,0,0,0,4
7/6/2010,NC,SoMa,216.33322,4.7172728,1,0,0,0,0,0,4
7/13/2010,NC,SoMa,210.16319,4.7172728,1,0,0,0,0,0,4
5/4/2010,NC,Stevens Creek (aka Cupertino),321.26385,4.5900002,1,0,0,1,0,1,2
5/11/2010,NC,Stevens Creek (aka Cupertino),426.23932,4.608182,1,0,0,1,0,1,2
5/18/2010,NC,Stevens Creek (aka Cupertino),237.75002,4.4823079,1,0,0,1,1,1,2
5/25/2010,NC,Stevens Creek (aka Cupertino),297.37332,4.4823079,1,0,0,0,1,1,2
6/1/2010,NC,Stevens Creek (aka Cupertino),396.94922,4.4823079,1,0,0,0,1,1,2
6/8/2010,NC,Stevens Creek (aka Cupertino),138.81966,4.8669229,1,0,0,0,0,1,2
6/15/2010,NC,Stevens Creek (aka Cupertino),707.66888,4.1538463,1,1,0,0,0,1,2
6/22/2010,NC,Stevens Creek (aka Cupertino),636.79144,4.120769,1,1,0,0,0,1,2
6/29/2010,NC,Stevens Creek (aka Cupertino),740.16064,4.120769,1,1,0,0,0,1,2
7/6/2010,NC,Stevens Creek (aka Cupertino),734.22992,4.7323079,1,1,0,0,0,1,2
7/13/2010,NC,Stevens Creek (aka Cupertino),617.70862,4.7284617,1,1,0,0,0,1,2
5/4/2010,NC,Walnut Creek,161.06413,4.6233335,1,0,0,0,0,2,0
5/11/2010,NC,Walnut Creek,227.2841,4.6809092,1,0,0,0,0,2,0
5/18/2010,NC,Walnut Creek,269.70609,4.4823079,1,0,0,0,0,2,0
5/25/2010,NC,Walnut Creek,311.63684,4.4823079,1,0,0,0,0,2,0
6/1/2010,NC,Walnut Creek,211.91428,4.29,1,0,0,0,0,2,0
6/8/2010,NC,Walnut Creek,252.79269,4.9076924,1,0,0,0,0,2,0
6/15/2010,NC,Walnut Creek,709.08771,4.859231,1,1,0,0,0,2,0
6/22/2010,NC,Walnut Creek,736.30151,4.29,1,1,0,0,0,2,0
6/29/2010,NC,Walnut Creek,663.24365,4.8469229,1,1,0,0,0,2,0
7/6/2010,NC,Walnut Creek,739.00403,4.4990907,1,1,0,0,0,2,0
7/13/2010,NC,Walnut Creek,681.15222,4.5500002,1,1,0,0,0,2,0
5/4/2010,NE,Bowery,127.97855,4.6328573,0,0,0,0,0,1,2
5/11/2010,NE,Bowery,152.53465,4.9274998,0,0,0,0,0,1,2
5/18/2010,NE,Bowery,250.59645,4.3687501,0,0,0,0,0,1,2
5/25/2010,NE,Bowery,230.18776,4.2085714,1,0,0,0,0,1,2
6/1/2010,NE,Bowery,258.26648,4.2085714,1,0,0,0,0,1,2
6/8/2010,NE,Bowery,120.97175,4.6328573,1,0,0,0,0,1,2
6/15/2010,NE,Bowery,323.95523,4.6455555,1,0,1,0,0,1,2
6/22/2010,NE,Bowery,332.53958,4.1199999,1,0,0,1,0,1,2
6/29/2010,NE,Bowery,318.75479,4.1199999,1,0,0,1,0,1,2
7/6/2010,NE,Bowery,333.84805,3.3111112,1,0,0,1,0,1,2
7/13/2010,NE,Bowery,335.28131,3.1470001,1,0,0,0,1,1,2
5/4/2010,NE,Chelsea,169.60161,4.2399998,0,0,0,0,0,2,1
5/11/2010,NE,Chelsea,209.39716,4.2283335,0,0,0,0,0,2,1
5/18/2010,NE,Chelsea,196.34961,3.9949999,0,0,0,0,0,2,1
5/25/2010,NE,Chelsea,358.38055,3.9949999,1,0,0,0,0,2,1
6/1/2010,NE,Chelsea,198.00954,3.9949999,1,0,0,0,0,2,1
6/8/2010,NE,Chelsea,166.40781,4.2399998,1,0,0,0,0,2,1
6/15/2010,NE,Chelsea,299.8732,4.2399998,1,0,1,0,0,2,1
6/22/2010,NE,Chelsea,344.85571,4.2399998,1,0,0,1,0,2,1
6/29/2010,NE,Chelsea,340.26697,4.2399998,1,0,0,1,0,2,1
7/6/2010,NE,Chelsea,262.28119,3.7449999,1,0,0,1,0,2,1
7/13/2010,NE,Chelsea,235.86848,3.7449999,1,0,0,0,1,1,1
5/4/2010,NE,Columbus Circle,203.79755,4.2042856,0,0,0,0,0,2,1
5/11/2010,NE,Columbus Circle,219.2915,4.8233333,0,0,0,0,0,2,1
5/18/2010,NE,Columbus Circle,294.08243,4.1199999,0,0,0,0,0,2,1
5/25/2010,NE,Columbus Circle,337.72974,3.9242857,1,0,0,0,0,2,1
6/1/2010,NE,Columbus Circle,198.84946,3.9242857,1,0,0,0,0,2,1
6/8/2010,NE,Columbus Circle,224.22525,4.2042856,1,0,0,0,0,2,1
6/15/2010,NE,Columbus Circle,258.85788,4.2042856,1,0,0,0,0,2,1
6/22/2010,NE,Columbus Circle,259.40173,3.8011112,1,0,0,0,0,2,1
6/29/2010,NE,Columbus Circle,206.17459,3.9337499,1,0,0,0,0,2,1
7/6/2010,NE,Columbus Circle,304.46835,3.3111112,1,0,0,0,0,2,1
7/13/2010,NE,Columbus Circle,331.18182,3.1470001,1,0,0,0,0,2,1
5/4/2010,NE,Edgewater,280.66507,4.1614285,0,0,0,1,0,2,0
5/11/2010,NE,Edgewater,340.35565,4.1614285,0,0,0,0,1,2,0
5/18/2010,NE,Edgewater,293.19247,3.9449999,0,0,0,0,1,2,0
5/25/2010,NE,Edgewater,247.64821,4.237143,1,0,0,0,0,2,0
6/1/2010,NE,Edgewater,236.22984,4.4562502,1,0,0,0,0,2,0
6/8/2010,NE,Edgewater,272.23566,4.7328572,1,0,0,0,0,2,0
6/15/2010,NE,Edgewater,183.6752,4.1614285,1,0,0,0,0,2,0
6/22/2010,NE,Edgewater,252.50665,4.1900001,1,0,0,0,0,2,0
6/29/2010,NE,Edgewater,289.86053,4.1614285,1,0,0,0,0,2,0
7/6/2010,NE,Edgewater,200.91386,3.78,1,0,0,0,0,2,0
7/13/2010,NE,Edgewater,135.16737,3.78,1,0,0,0,0,2,0
5/4/2010,NE,Jericho,89.823334,4.8566666,0,0,0,0,0,1,1
5/11/2010,NE,Jericho,171.57187,4.8566666,0,0,0,0,0,1,1
5/18/2010,NE,Jericho,197.55095,4.3499999,0,0,0,0,0,1,1
5/25/2010,NE,Jericho,268.89447,4.3499999,1,0,0,0,0,1,1
6/1/2010,NE,Jericho,173.20825,4.145,1,0,0,0,0,1,1
6/8/2010,NE,Jericho,299.9339,4.6399999,1,0,0,0,0,1,1
6/15/2010,NE,Jericho,244.48262,4.1900001,1,0,0,0,0,1,1
6/22/2010,NE,Jericho,440.97003,4.1900001,1,0,1,0,0,1,1
6/29/2010,NE,Jericho,269.93481,3.9400001,1,0,0,1,0,1,1
7/6/2010,NE,Jericho,334.96323,4.1789999,1,0,0,1,0,1,1
7/13/2010,NE,Jericho,357.74847,4.1789999,1,0,0,1,0,1,1
5/4/2010,NE,Middletown,230.50294,5.29,0,0,0,1,0,2,5
5/11/2010,NE,Middletown,363.78534,4.3899999,0,0,0,0,1,2,5
5/18/2010,NE,Middletown,268.40866,4.79,0,0,0,0,1,2,5
5/25/2010,NE,Middletown,211.23872,4.3899999,1,0,0,0,0,2,5
6/1/2010,NE,Middletown,223.08316,4.79,1,0,0,0,0,2,5
6/8/2010,NE,Middletown,351.97073,5.29,1,0,0,0,0,2,5
6/15/2010,NE,Middletown,168.56505,5.8299999,1,0,0,0,0,2,5
6/22/2010,NE,Middletown,241.95493,6.1900001,1,0,0,0,0,2,5
6/29/2010,NE,Middletown,184.85809,5.5900002,1,0,0,0,0,2,5
7/6/2010,NE,Middletown,200.07703,4.6224999,1,0,0,0,0,2,5
7/13/2010,NE,Middletown,181.7513,4.6224999,1,0,0,0,0,2,5
5/4/2010,NE,Rose City,154.70125,4.7328572,0,0,0,0,0,1,5
5/11/2010,NE,Rose City,120.08166,4.0300002,0,0,0,0,0,1,5
5/18/2010,NE,Rose City,284.82919,3.6663637,0,0,0,0,0,1,5
5/25/2010,NE,Rose City,248.17471,3.6663637,1,0,0,0,0,1,5
6/1/2010,NE,Rose City,278.14697,3.7939999,1,0,0,0,0,1,5
6/8/2010,NE,Rose City,275.66125,4.0300002,1,0,0,0,0,1,5
6/15/2010,NE,Rose City,325.03973,3.6300001,1,0,1,0,0,1,5
6/22/2010,NE,Rose City,336.94446,4.0300002,1,0,0,1,0,1,5
6/29/2010,NE,Rose City,304.84372,4.2122221,1,0,0,1,0,1,5
7/6/2010,NE,Rose City,257.52695,4.02,1,0,0,1,0,1,5
7/13/2010,NE,Rose City,280.49606,4.0162501,1,0,0,0,1,1,5
5/4/2010,NE,Union Square,234.36818,4.2042856,0,0,0,0,0,1,2
5/11/2010,NE,Union Square,240.35825,4.1816669,0,0,0,0,0,1,2
5/18/2010,NE,Union Square,212.82588,3.9242857,0,0,0,0,0,1,2
5/25/2010,NE,Union Square,213.59334,3.8842857,1,0,0,0,0,1,2
6/1/2010,NE,Union Square,202.78247,3.464,1,0,0,0,0,1,2
6/8/2010,NE,Union Square,172.89299,3.6600001,1,0,0,0,0,1,2
6/15/2010,NE,Union Square,270.36572,3.6233332,1,0,0,0,0,1,2
6/22/2010,NE,Union Square,280.23676,3.96,1,0,0,0,0,1,2
6/29/2010,NE,Union Square,350.55099,3.6289999,1,0,1,0,0,1,2
7/6/2010,NE,Union Square,351.30307,3.0050001,1,0,0,1,0,1,2
7/13/2010,NE,Union Square,313.2872,3.142,1,0,0,1,0,1,2
5/4/2010,NE,West Orange,206.85486,4.7328572,0,0,0,0,0,2,3
5/11/2010,NE,West Orange,142.74466,4.1614285,0,0,0,0,0,2,3
5/18/2010,NE,West Orange,227.90987,3.8814285,0,0,0,0,0,2,3
5/25/2010,NE,West Orange,223.91264,4.145,1,0,0,0,0,2,3
6/1/2010,NE,West Orange,220.86505,3.8814285,1,0,0,0,0,2,3
6/8/2010,NE,West Orange,229.2195,4.1900001,1,0,0,0,0,2,3
6/15/2010,NE,West Orange,224.88853,4.1614285,1,0,0,0,0,2,3
6/22/2010,NE,West Orange,241.56975,4.1614285,1,0,0,0,0,2,3
6/29/2010,NE,West Orange,230.10048,4.1614285,1,0,0,0,0,2,3
7/6/2010,NE,West Orange,308.24658,3.7449999,1,0,0,0,0,2,3
7/13/2010,NE,West Orange,326.65295,3.7449999,1,0,0,0,0,2,3
5/4/2010,NE,White Plains,120.51899,4.1614285,0,0,0,0,1,1,1
5/11/2010,NE,White Plains,199.31599,4.1285715,0,0,0,0,1,1,1
5/18/2010,NE,White Plains,265.20779,3.8814285,0,0,0,0,0,1,1
5/25/2010,NE,White Plains,292.62009,3.8814285,1,0,0,0,0,1,1
6/1/2010,NE,White Plains,296.42926,3.8814285,1,0,0,0,0,1,1
6/8/2010,NE,White Plains,349.29651,4.1257143,1,0,1,0,0,1,1
6/15/2010,NE,White Plains,284.12363,4.1614285,1,0,0,1,0,1,1
6/22/2010,NE,White Plains,302.02682,4.1614285,1,0,0,1,0,1,1
6/29/2010,NE,White Plains,262.65704,4.1614285,1,0,0,1,0,1,1
7/6/2010,NE,White Plains,377.13947,3.8266666,1,0,0,0,1,1,1
7/13/2010,NE,White Plains,327.8667,3.5185714,1,0,0,0,1,1,1
5/4/2010,PN,Bellevue,178.29671,4.836154,1,0,0,0,0,1,2
5/11/2010,PN,Bellevue,198.50633,4.2166667,1,0,0,0,0,1,2
5/18/2010,PN,Bellevue,329.45435,4.1087499,1,0,0,0,0,1,2
5/25/2010,PN,Bellevue,241.5137,4.1087499,1,0,0,0,0,1,2
6/1/2010,PN,Bellevue,180.82678,4.1087499,1,0,0,0,0,1,2
6/8/2010,PN,Bellevue,226.09587,4.5633335,1,0,0,0,0,1,2
6/15/2010,PN,Bellevue,257.02997,4.3185716,1,0,0,0,0,1,2
6/22/2010,PN,Bellevue,751.92712,4.0733333,1,1,1,0,0,1,2
6/29/2010,PN,Bellevue,789.09186,3.3940001,1,1,0,1,0,1,2
7/6/2010,PN,Bellevue,831.1449,3.526875,1,1,0,1,0,1,2
7/13/2010,PN,Bellevue,725.73004,2.8892858,1,1,0,1,0,1,2
5/4/2010,PN,Bend,222.52264,4.6774998,1,0,0,0,0,0,2
5/11/2010,PN,Bend,242.03281,4.2042856,1,0,0,0,0,0,2
5/18/2010,PN,Bend,222.57224,4.2024999,1,0,0,0,0,0,2
5/25/2010,PN,Bend,240.30479,3.5788889,1,0,0,0,0,0,2
6/1/2010,PN,Bend,297.3226,4.0455556,1,0,0,0,0,0,2
6/8/2010,PN,Bend,214.81187,4.4677777,1,0,0,0,0,0,2
6/15/2010,PN,Bend,224.8051,3.7011111,1,0,0,0,0,0,2
6/22/2010,PN,Bend,242.09166,3.8900001,1,0,0,0,0,0,2
6/29/2010,PN,Bend,221.63977,3.7581818,1,0,0,0,0,0,2
7/6/2010,PN,Bend,269.99518,2.9953847,1,0,0,0,0,0,2
7/13/2010,PN,Bend,320.58511,2.9953847,1,0,0,0,0,0,2
5/4/2010,PN,Bridgeport,248.68137,4.5733333,1,0,0,0,0,1,0
5/11/2010,PN,Bridgeport,240.50305,4.2627273,1,0,0,0,0,1,0
5/18/2010,PN,Bridgeport,278.55463,4.1718183,1,0,0,0,0,1,0
5/25/2010,PN,Bridgeport,204.6524,4.1983333,1,0,0,0,0,1,0
6/1/2010,PN,Bridgeport,266.28436,4.1718183,1,0,0,0,0,1,0
6/8/2010,PN,Bridgeport,175.16536,4.1971431,1,0,0,0,0,1,0
6/15/2010,PN,Bridgeport,280.7124,3.9471428,1,0,0,0,0,1,0
6/22/2010,PN,Bridgeport,712.72455,3.1823077,1,1,0,0,0,1,0
6/29/2010,PN,Bridgeport,648.38324,3.5899999,1,1,0,0,0,1,0
7/6/2010,PN,Bridgeport,776.29388,3.3150001,1,1,0,0,0,1,0
7/13/2010,PN,Bridgeport,737.20917,3.0307143,1,1,0,0,0,1,0
5/4/2010,PN,Fremont,198.71201,4.5900002,1,0,0,0,0,2,4
5/11/2010,PN,Fremont,254.84969,4.6774998,1,0,0,0,0,2,4
5/18/2010,PN,Fremont,343.57248,4.2024999,1,0,0,0,0,2,4
5/25/2010,PN,Fremont,291.41998,4.5122223,1,0,0,0,0,2,4
6/1/2010,PN,Fremont,269.07715,4.2024999,1,0,0,0,0,2,4
6/8/2010,PN,Fremont,219.24672,4.6774998,1,0,0,0,0,2,4
6/15/2010,PN,Fremont,325.61343,4.1627274,1,0,0,0,0,2,4
6/22/2010,PN,Fremont,296.14285,4.667778,1,0,0,0,0,2,4
6/29/2010,PN,Fremont,260.03778,3.78,1,0,0,0,0,2,4
7/6/2010,PN,Fremont,159.47447,3.9116666,1,0,0,0,0,2,4
7/13/2010,PN,Fremont,283.49316,3.5409091,1,0,0,0,0,2,4
5/4/2010,PN,Mill Plain,340.72443,4.5900002,1,0,0,1,0,1,0
5/11/2010,PN,Mill Plain,276.88235,4.8990908,1,0,0,0,1,1,0
5/18/2010,PN,Mill Plain,469.6665,4.3990908,1,0,0,0,1,1,0
5/25/2010,PN,Mill Plain,207.85191,4.0542855,1,0,0,0,0,1,0
6/1/2010,PN,Mill Plain,247.33545,4.0542855,1,0,0,0,0,1,0
6/8/2010,PN,Mill Plain,233.35188,4.4471431,1,0,0,0,0,1,0
6/15/2010,PN,Mill Plain,247.00409,4.1746154,1,0,0,0,0,1,0
6/22/2010,PN,Mill Plain,424.70444,4.4471431,1,0,1,0,0,1,0
6/29/2010,PN,Mill Plain,310.58286,4.1971431,1,0,0,1,0,1,0
7/6/2010,PN,Mill Plain,347.11685,3.303077,1,0,0,1,0,1,0
7/13/2010,PN,Mill Plain,331.33112,3.6378572,1,0,0,1,0,1,0
5/4/2010,PN,Redmond,219.48421,4.2166667,1,0,0,0,0,2,3
5/11/2010,PN,Redmond,218.55443,4.2166667,1,0,0,0,0,2,3
5/18/2010,PN,Redmond,214.92342,4.0900002,1,0,0,0,0,2,3
5/25/2010,PN,Redmond,221.32611,3.79,1,0,0,0,0,2,3
6/1/2010,PN,Redmond,195.68178,3.6971428,1,0,0,0,0,2,3
6/8/2010,PN,Redmond,218.67693,4.2166667,1,0,0,0,0,2,3
6/15/2010,PN,Redmond,652.75647,3.7293334,1,1,0,0,0,2,3
6/22/2010,PN,Redmond,891.08295,3.5940001,1,1,1,0,0,2,3
6/29/2010,PN,Redmond,926.09259,3.2685714,1,1,1,1,0,2,3
7/6/2010,PN,Redmond,787.33337,3.3646667,1,1,0,1,0,2,3
7/13/2010,PN,Redmond,784.79211,3.3646667,1,1,0,1,0,2,3
5/4/2010,PN,Roosevelt Square,304.47159,4.5233335,1,0,0,0,1,3,2
5/11/2010,PN,Roosevelt Square,300.72711,4.4899998,1,0,0,0,1,3,2
5/18/2010,PN,Roosevelt Square,222.5323,4.4130769,1,0,0,0,0,3,2
5/25/2010,PN,Roosevelt Square,189.40163,4.4130769,1,0,0,0,0,3,2
6/1/2010,PN,Roosevelt Square,207.18456,4.1966667,1,0,0,0,0,3,2
6/8/2010,PN,Roosevelt Square,273.18408,4.4524999,1,0,0,0,0,3,2
6/15/2010,PN,Roosevelt Square,130.91008,4.4524999,1,0,0,0,0,3,2
6/22/2010,PN,Roosevelt Square,824.63696,4.3431249,1,1,1,0,0,3,2
6/29/2010,PN,Roosevelt Square,885.8067,3.7275,1,1,1,1,0,3,2
7/6/2010,PN,Roosevelt Square,703.00226,3.713125,1,1,0,1,0,3,2
7/13/2010,PN,Roosevelt Square,772.20776,3.713125,1,1,0,1,0,3,2
5/4/2010,PN,Tanasbourne,242.79652,4.5733333,1,0,0,0,0,0,0
5/11/2010,PN,Tanasbourne,176.13632,4.2166667,1,0,0,0,0,0,0
5/18/2010,PN,Tanasbourne,200.17052,4.1966667,1,0,0,0,0,0,0
5/25/2010,PN,Tanasbourne,214.1299,4.0833335,1,0,0,0,0,0,0
6/1/2010,PN,Tanasbourne,298.77393,4.1515384,1,0,0,0,0,0,0
6/8/2010,PN,Tanasbourne,231.33044,4.3185716,1,0,0,0,0,0,0
6/15/2010,PN,Tanasbourne,220.28571,4.1746154,1,0,0,0,0,0,0
6/22/2010,PN,Tanasbourne,173.37971,4.3185716,1,0,0,0,0,0,0
6/29/2010,PN,Tanasbourne,240.30106,4.1971431,1,0,0,0,0,0,0
7/6/2010,PN,Tanasbourne,194.69951,3.303077,1,0,0,0,0,0,0
7/13/2010,PN,Tanasbourne,295.79663,3.6484616,1,0,0,0,0,0,0
5/4/2010,PN,Westlake,273.27405,4.2166667,1,0,0,0,0,1,0
5/11/2010,PN,Westlake,228.23199,4.4499998,1,0,0,0,0,1,0
5/18/2010,PN,Westlake,266.40311,4.1087499,1,0,0,0,0,1,0
5/25/2010,PN,Westlake,288.41528,4.0833335,1,0,0,0,0,1,0
6/1/2010,PN,Westlake,286.63641,4.0833335,1,0,0,0,0,1,0
6/8/2010,PN,Westlake,258.30533,4.4524999,1,0,0,0,0,1,0
6/15/2010,PN,Westlake,200.36388,4.1971431,1,0,0,0,0,1,0
6/22/2010,PN,Westlake,247.31352,4.4524999,1,0,1,0,0,1,0
6/29/2010,PN,Westlake,365.77472,3.9471428,1,0,1,1,0,1,0
7/6/2010,PN,Westlake,314.15793,3.6378572,1,0,0,1,0,1,0
7/13/2010,PN,Westlake,339.1918,3.963125,1,0,0,1,0,1,0
5/4/2010,RM,Academy,270.7489,4.29,1,0,0,0,0,1,2
5/11/2010,RM,Academy,314.50583,4.29,1,0,1,0,0,1,2
5/18/2010,RM,Academy,390.60696,4.0858335,1,0,0,1,0,1,2
5/25/2010,RM,Academy,249.86238,4.0858335,1,0,0,1,0,1,2
6/1/2010,RM,Academy,222.03389,4.7931252,1,0,0,1,0,1,2
6/8/2010,RM,Academy,276.35818,4.1471429,1,0,0,0,1,1,2
6/15/2010,RM,Academy,294.86319,4.1471429,1,0,0,0,1,1,2
6/22/2010,RM,Academy,383.45581,4.0500002,1,0,1,0,0,1,2
6/29/2010,RM,Academy,300.29425,4.0500002,1,0,0,1,0,1,2
7/6/2010,RM,Academy,296.74313,4.5813332,1,0,0,1,0,1,2
7/13/2010,RM,Academy,429.79776,3.5569232,1,0,0,1,0,1,2
5/4/2010,RM,Belmar,297.21707,4.29,1,0,0,0,0,2,2
5/11/2010,RM,Belmar,268.40558,4.29,1,0,0,0,0,2,2
5/18/2010,RM,Belmar,206.02798,4.0858335,1,0,0,0,0,2,2
5/25/2010,RM,Belmar,201.96735,4.0858335,1,0,0,0,0,2,2
6/1/2010,RM,Belmar,239.72697,3.8399999,1,0,0,0,0,2,2
6/8/2010,RM,Belmar,171.39282,4.2592306,1,0,0,0,0,2,2
6/15/2010,RM,Belmar,172.74559,4.9899998,1,0,0,0,0,2,2
6/22/2010,RM,Belmar,379.20413,3.7685714,1,0,1,0,0,2,2
6/29/2010,RM,Belmar,346.14938,4.7024999,1,0,0,1,0,2,2
7/6/2010,RM,Belmar,371.48529,3.5878572,1,0,0,1,0,2,2
7/13/2010,RM,Belmar,302.60709,3.845,1,0,0,1,0,2,2
5/4/2010,RM,Cerrillos (aka Santa Fe),145.78336,5.3899999,1,0,0,0,0,1,1
5/11/2010,RM,Cerrillos (aka Santa Fe),309.05276,5.0185714,1,0,0,0,0,1,1
5/18/2010,RM,Cerrillos (aka Santa Fe),154.59789,5.2150002,1,0,0,0,0,1,1
5/25/2010,RM,Cerrillos (aka Santa Fe),247.72565,4.8816667,1,0,0,0,0,1,1
6/1/2010,RM,Cerrillos (aka Santa Fe),227.99237,3.9666667,1,0,0,0,0,1,1
6/8/2010,RM,Cerrillos (aka Santa Fe),226.5965,3.9976923,1,0,0,0,0,1,1
6/15/2010,RM,Cerrillos (aka Santa Fe),233.31522,4.8958821,1,0,0,0,0,1,1
6/22/2010,RM,Cerrillos (aka Santa Fe),215.20723,4.9274998,1,0,0,0,0,1,1
6/29/2010,RM,Cerrillos (aka Santa Fe),233.41454,4.3166666,1,0,0,0,0,1,1
7/6/2010,RM,Cerrillos (aka Santa Fe),297.11771,4.1213331,1,0,0,0,0,1,1
7/13/2010,RM,Cerrillos (aka Santa Fe),258.46231,4.6806664,1,0,0,0,0,1,1
5/4/2010,RM,Fort Collins,336.22134,4.3172727,1,0,0,0,1,2,4
5/11/2010,RM,Fort Collins,364.17453,4.5233335,1,0,0,0,1,2,4
5/18/2010,RM,Fort Collins,291.19479,4.9469233,1,0,1,0,0,2,4
5/25/2010,RM,Fort Collins,279.62964,4.6938462,1,0,0,1,0,2,4
6/1/2010,RM,Fort Collins,328.56464,4.8435717,1,0,0,1,0,2,4
6/8/2010,RM,Fort Collins,329.40231,4.7024999,1,0,0,1,0,2,4
6/15/2010,RM,Fort Collins,211.37294,4.8958821,1,0,0,0,1,2,4
6/22/2010,RM,Fort Collins,428.35016,4.0257144,1,0,1,0,1,2,4
6/29/2010,RM,Fort Collins,412.79178,4.8366666,1,0,1,1,0,2,4
7/6/2010,RM,Fort Collins,328.22107,4.2473335,1,0,0,1,0,2,4
7/13/2010,RM,Fort Collins,269.83398,4.5443749,1,0,0,1,0,2,4
5/4/2010,RM,Highlands Ranch,286.13831,4.0627275,1,0,0,0,0,0,3
5/11/2010,RM,Highlands Ranch,100.09976,4.7233334,1,0,0,0,0,0,3
5/18/2010,RM,Highlands Ranch,202.21178,4.0945454,1,0,0,0,0,0,3
5/25/2010,RM,Highlands Ranch,277.05185,4.0581818,1,0,1,0,0,0,3
6/1/2010,RM,Highlands Ranch,432.89026,3.8399999,1,0,1,1,0,0,3
6/8/2010,RM,Highlands Ranch,427.79263,5.166923,1,0,1,1,0,0,3
6/15/2010,RM,Highlands Ranch,241.04674,4.0500002,1,0,0,1,0,0,3
6/22/2010,RM,Highlands Ranch,556.55005,3.8515384,1,0,1,1,1,0,3
6/29/2010,RM,Highlands Ranch,309.99966,3.8515384,1,0,0,1,1,0,3
7/6/2010,RM,Highlands Ranch,409.73569,4.4442859,1,0,0,1,1,0,3
7/13/2010,RM,Highlands Ranch,347.35825,4.3146667,1,0,0,1,1,0,3
5/4/2010,RM,Metcalf,305.04944,4.3899999,1,0,0,0,0,1,0
5/11/2010,RM,Metcalf,219.65535,4.3400002,1,0,0,0,0,1,0
5/18/2010,RM,Metcalf,239.05316,4.0949998,1,0,0,0,0,1,0
5/25/2010,RM,Metcalf,249.14047,3.8139999,1,0,0,0,0,1,0
6/1/2010,RM,Metcalf,263.47531,3.8139999,1,0,0,0,0,1,0
6/8/2010,RM,Metcalf,666.72937,3.326,1,1,0,0,0,1,0
6/15/2010,RM,Metcalf,711.86493,3.1986666,1,1,0,0,0,1,0
6/22/2010,RM,Metcalf,328.15781,4.3666668,1,0,0,0,0,1,0
6/29/2010,RM,Metcalf,144.59521,3.9790909,1,0,0,0,0,1,0
7/6/2010,RM,Metcalf,266.12958,4.9561539,1,0,0,0,0,1,0
7/13/2010,RM,Metcalf,277.18747,3.8136363,1,0,0,0,0,1,0
5/4/2010,RM,Pearl,153.9778,5.0185714,1,0,0,0,0,1,2
5/11/2010,RM,Pearl,232.91486,5.0185714,1,0,0,0,0,1,2
5/18/2010,RM,Pearl,308.27676,4.4635296,1,0,1,0,0,1,2
5/25/2010,RM,Pearl,272.20569,5.0105882,1,0,0,1,0,1,2
6/1/2010,RM,Pearl,355.87125,4.8816667,1,0,0,1,0,1,2
6/8/2010,RM,Pearl,337.17575,4.8329411,1,0,0,1,0,1,2
6/15/2010,RM,Pearl,361.36154,5.2305555,1,0,1,0,1,1,2
6/22/2010,RM,Pearl,1041.2002,4.0835295,1,1,1,1,1,1,2
6/29/2010,RM,Pearl,753.388,4.0835295,1,1,0,1,0,1,2
7/6/2010,RM,Pearl,192.07759,4.7470589,1,0,0,1,0,1,2
7/13/2010,RM,Pearl,390.64288,4.1479998,1,0,0,1,1,1,2
5/4/2010,RM,Pike's Peak,256.29153,4.4990907,1,0,0,0,0,2,4
5/11/2010,RM,Pike's Peak,184.67932,5.4833331,1,0,0,0,0,2,4
5/18/2010,RM,Pike's Peak,259.95288,4.2938461,1,0,0,0,0,2,4
5/25/2010,RM,Pike's Peak,325.84192,4.0581818,1,0,0,0,0,2,4
6/1/2010,RM,Pike's Peak,291.77267,4.0250001,1,0,0,0,0,2,4
6/8/2010,RM,Pike's Peak,126.71895,6.2515383,1,0,0,0,0,2,4
6/15/2010,RM,Pike's Peak,206.70154,5.6718183,1,0,0,0,0,2,4
6/22/2010,RM,Pike's Peak,201.98489,5.666923,1,0,0,0,0,2,4
6/29/2010,RM,Pike's Peak,303.19778,3.8515384,1,0,0,0,0,2,4
7/6/2010,RM,Pike's Peak,342.45804,4.1381249,1,0,0,0,0,2,4
7/13/2010,RM,Pike's Peak,189.92429,4.1381249,1,0,0,0,0,2,4
5/4/2010,RM,Superior,192.14694,4.4899998,1,0,0,0,0,1,4
5/11/2010,RM,Superior,166.44313,4.4899998,1,0,0,0,0,1,4
5/18/2010,RM,Superior,235.78191,4.1630769,1,0,0,0,0,1,4
5/25/2010,RM,Superior,284.67502,4.057857,1,0,0,0,0,1,4
6/1/2010,RM,Superior,214.07504,3.9666667,1,0,0,0,0,1,4
6/8/2010,RM,Superior,183.77263,5.4438462,1,0,0,0,0,1,4
6/15/2010,RM,Superior,289.28641,4.29,1,0,0,0,0,1,4
6/22/2010,RM,Superior,397.14859,4.2962499,1,0,1,0,0,1,4
6/29/2010,RM,Superior,300.04672,4.4033332,1,0,0,1,0,1,4
7/6/2010,RM,Superior,256.18439,3.8813334,1,0,0,1,0,1,4
7/13/2010,RM,Superior,318.57828,4.1381249,1,0,0,1,0,1,4
5/4/2010,RM,Tamarac,281.76517,4.0627275,1,0,0,0,0,1,2
5/11/2010,RM,Tamarac,348.46674,3.8515384,1,0,1,0,0,1,2
5/18/2010,RM,Tamarac,378.71915,3.5935714,1,0,0,1,0,1,2
5/25/2010,RM,Tamarac,360.30417,4.6431251,1,0,0,1,0,1,2
6/1/2010,RM,Tamarac,342.76337,4.7733335,1,0,0,1,0,1,2
6/8/2010,RM,Tamarac,360.59464,5.4542856,1,0,0,0,1,1,2
6/15/2010,RM,Tamarac,283.69376,4.4833331,1,0,0,0,1,1,2
6/22/2010,RM,Tamarac,248.03644,4.7592306,1,0,0,0,0,1,2
6/29/2010,RM,Tamarac,378.96759,3.7685714,1,0,1,0,0,1,2
7/6/2010,RM,Tamarac,270.20688,4.9506249,1,0,0,1,0,1,2
7/13/2010,RM,Tamarac,305.50058,4.4866667,1,0,0,1,0,1,2
5/4/2010,SO,Alpharetta (aka Alpharetta Harry's),194.94344,4.047143,0,0,0,0,0,2,3
5/11/2010,SO,Alpharetta (aka Alpharetta Harry's),130.59529,3.6400001,0,0,0,0,0,2,3
5/18/2010,SO,Alpharetta (aka Alpharetta Harry's),232.02232,3.7650001,0,0,0,0,0,2,3
5/25/2010,SO,Alpharetta (aka Alpharetta Harry's),212.95532,3.55,0,0,0,0,0,2,3
6/1/2010,SO,Alpharetta (aka Alpharetta Harry's),162.34053,3.5344443,0,0,0,0,0,2,3
6/8/2010,SO,Alpharetta (aka Alpharetta Harry's),196.18591,3.8614285,0,0,0,0,0,2,3
6/15/2010,SO,Alpharetta (aka Alpharetta Harry's),189.97021,3.6400001,0,0,0,0,0,2,3
6/22/2010,SO,Alpharetta (aka Alpharetta Harry's),218.37325,3.8455555,0,0,0,0,0,2,3
6/29/2010,SO,Alpharetta (aka Alpharetta Harry's),116.25389,4.0275002,0,0,0,0,0,2,3
7/6/2010,SO,Alpharetta (aka Alpharetta Harry's),244.41446,3.6255555,0,0,0,0,0,2,3
7/13/2010,SO,Alpharetta (aka Alpharetta Harry's),259.79846,3.7874999,0,0,0,0,0,2,3
5/4/2010,SO,Cobb (aka Cobb Harry's),87.773582,4.047143,0,0,0,0,0,0,4
5/11/2010,SO,Cobb (aka Cobb Harry's),245.93352,3.7149999,0,0,0,0,0,0,4
5/18/2010,SO,Cobb (aka Cobb Harry's),210.68338,3.55,0,0,0,0,0,0,4
5/25/2010,SO,Cobb (aka Cobb Harry's),178.48846,3.4566667,0,0,0,0,0,0,4
6/1/2010,SO,Cobb (aka Cobb Harry's),167.60503,3.6455555,0,0,0,0,0,0,4
6/8/2010,SO,Cobb (aka Cobb Harry's),198.35748,3.6400001,0,0,0,0,0,0,4
6/15/2010,SO,Cobb (aka Cobb Harry's),238.09361,3.9445455,0,0,0,0,0,0,4
6/22/2010,SO,Cobb (aka Cobb Harry's),175.31419,3.9775,0,0,0,0,0,0,4
6/29/2010,SO,Cobb (aka Cobb Harry's),191.40718,4.5650001,0,0,0,0,0,0,4
7/6/2010,SO,Cobb (aka Cobb Harry's),145.28131,3.6255555,0,0,0,0,0,0,4
7/13/2010,SO,Cobb (aka Cobb Harry's),275.56213,3.4400001,0,0,0,0,0,0,4
5/4/2010,SO,Duluth,230.11122,3.8042858,0,0,0,0,0,1,3
5/11/2010,SO,Duluth,168.72881,3.432857,0,0,0,0,0,1,3
5/18/2010,SO,Duluth,245.15088,3.4566667,0,0,0,0,0,1,3
5/25/2010,SO,Duluth,228.75838,3.4566667,0,0,0,0,0,1,3
6/1/2010,SO,Duluth,79.243584,3.4566667,0,0,0,0,0,1,3
6/8/2010,SO,Duluth,177.13649,3.5566666,0,0,0,0,0,1,3
6/15/2010,SO,Duluth,212.02715,3.5566666,0,0,0,0,0,1,3
6/22/2010,SO,Duluth,189.08603,3.6644444,0,0,0,0,0,1,3
6/29/2010,SO,Duluth,140.57626,3.6900001,0,0,0,0,0,1,3
7/6/2010,SO,Duluth,167.77461,3.4400001,0,0,0,0,0,1,3
7/13/2010,SO,Duluth,249.08876,3.5787499,0,0,0,0,0,1,3
5/4/2010,SO,Green Hills,184.1812,4.0700002,0,0,0,0,0,0,5
5/11/2010,SO,Green Hills,152.84839,3.9445455,0,0,0,0,0,0,5
5/18/2010,SO,Green Hills,180.34366,3.8483334,0,0,0,0,0,0,5
5/25/2010,SO,Green Hills,177.07584,3.8483334,0,0,0,0,0,0,5
6/1/2010,SO,Green Hills,181.74237,3.9536364,0,0,0,0,0,0,5
6/8/2010,SO,Green Hills,138.41893,3.9483333,0,0,0,0,0,0,5
6/15/2010,SO,Green Hills,215.00558,3.9483333,0,0,0,0,0,0,5
6/22/2010,SO,Green Hills,253.08722,4.0174999,0,0,0,0,0,0,5
6/29/2010,SO,Green Hills,178.85857,3.7809091,0,0,0,0,0,0,5
7/6/2010,SO,Green Hills,174.98816,3.8283334,0,0,0,0,0,0,5
7/13/2010,SO,Green Hills,168.45891,3.5409091,0,0,0,0,0,0,5
5/4/2010,SO,Mountain Brook,233.717,3.99,0,0,0,0,0,1,1
5/11/2010,SO,Mountain Brook,149.62025,4.04,0,0,0,0,0,1,1
5/18/2010,SO,Mountain Brook,164.89232,3.8483334,0,0,0,0,0,1,1
5/25/2010,SO,Mountain Brook,212.59476,3.8483334,0,0,0,0,0,1,1
6/1/2010,SO,Mountain Brook,223.99973,3.7566667,0,0,0,0,0,1,1
6/8/2010,SO,Mountain Brook,265.76108,3.665,0,0,0,0,0,1,1
6/15/2010,SO,Mountain Brook,157.25523,3.5999999,0,0,0,0,0,1,1
6/22/2010,SO,Mountain Brook,178.68716,4.1654544,0,0,0,0,0,1,1
6/29/2010,SO,Mountain Brook,277.61887,5.0966668,0,0,0,0,0,1,1
7/6/2010,SO,Mountain Brook,325.65417,3.4918182,0,0,0,0,0,1,1
7/13/2010,SO,Mountain Brook,231.01529,3.4960001,0,0,0,0,0,1,1
5/4/2010,SO,Ponce de Lyon,196.78578,4.047143,0,0,0,0,0,2,2
5/11/2010,SO,Ponce de Lyon,146.21017,3.743,0,0,0,0,0,2,2
5/18/2010,SO,Ponce de Lyon,139.54697,3.642,0,0,0,0,0,2,2
5/25/2010,SO,Ponce de Lyon,72.627678,3.55,0,0,0,0,0,2,2
6/1/2010,SO,Ponce de Lyon,234.85742,3.55,0,0,0,0,0,2,2
6/8/2010,SO,Ponce de Lyon,236.2879,3.7455556,0,0,0,0,0,2,2
6/15/2010,SO,Ponce de Lyon,141.7787,3.7455556,0,0,0,0,0,2,2
6/22/2010,SO,Ponce de Lyon,232.58168,3.8477778,0,0,0,0,0,2,2
6/29/2010,SO,Ponce de Lyon,168.75482,3.921,0,0,0,0,0,2,2
7/6/2010,SO,Ponce de Lyon,232.51233,3.4960001,0,0,0,0,0,2,2
7/13/2010,SO,Ponce de Lyon,247.6113,3.4960001,0,0,0,0,0,2,2
5/4/2010,SO,West Paces Ferry,123.50871,4.3677778,0,0,0,0,0,1,2
5/11/2010,SO,West Paces Ferry,203.74452,4.3677778,0,0,0,0,0,1,2
5/18/2010,SO,West Paces Ferry,226.2086,3.8483334,0,0,0,0,0,1,2
5/25/2010,SO,West Paces Ferry,196.61624,3.8483334,0,0,0,0,0,1,2
6/1/2010,SO,West Paces Ferry,156.15543,3.8483334,0,0,0,0,0,1,2
6/8/2010,SO,West Paces Ferry,172.82513,3.9483333,0,0,0,0,0,1,2
6/15/2010,SO,West Paces Ferry,195.47122,3.9483333,0,0,0,0,0,1,2
6/22/2010,SO,West Paces Ferry,190.31946,4.0233335,0,0,0,0,0,1,2
6/29/2010,SO,West Paces Ferry,58.140583,4.1718183,0,0,0,0,0,1,2
7/6/2010,SO,West Paces Ferry,201.36119,3.8283334,0,0,0,0,0,1,2
7/13/2010,SO,West Paces Ferry,236.72139,3.8283334,0,0,0,0,0,1,2
5/4/2010,SP,Arroyo,291.01215,5.1718183,1,0,0,1,0,3,2
5/11/2010,SP,Arroyo,392.00388,4.8042855,1,0,0,0,1,3,2
5/18/2010,SP,Arroyo,232.24176,4.6846156,1,0,0,0,1,3,2
5/25/2010,SP,Arroyo,278.48737,4.3571429,1,0,0,0,0,3,2
6/1/2010,SP,Arroyo,240.16928,4.1933331,1,0,0,0,0,3,2
6/8/2010,SP,Arroyo,229.22119,4.9430771,1,0,0,0,0,3,2
6/15/2010,SP,Arroyo,226.59172,4.8566666,1,0,1,0,0,3,2
6/22/2010,SP,Arroyo,300.13452,4.8566666,1,0,0,1,0,3,2
6/29/2010,SP,Arroyo,457.33673,4.79,1,0,1,1,0,3,2
7/6/2010,SP,Arroyo,368.98645,3.9109092,1,0,0,1,0,3,2
7/13/2010,SP,Arroyo,409.11151,4.3076925,1,0,0,1,1,3,2
5/4/2010,SP,Fairfax,193.07112,4.8233333,1,0,0,0,0,2,1
5/11/2010,SP,Fairfax,263.64017,4.8233333,1,0,0,0,0,2,1
5/18/2010,SP,Fairfax,176.27412,4.4758334,1,0,0,0,0,2,1
5/25/2010,SP,Fairfax,223.05409,4.2007141,1,0,0,0,0,2,1
6/1/2010,SP,Fairfax,164.63954,4.3431249,1,0,0,0,0,2,1
6/8/2010,SP,Fairfax,248.94089,4.5543752,1,0,0,0,0,2,1
6/15/2010,SP,Fairfax,373.23206,4.6212502,1,0,1,0,0,2,1
6/22/2010,SP,Fairfax,338.16031,4.6212502,1,0,0,1,0,2,1
6/29/2010,SP,Fairfax,415.11444,4.6212502,1,0,0,1,0,2,1
7/6/2010,SP,Fairfax,302.52939,4.2868748,1,0,0,1,0,2,1
7/13/2010,SP,Fairfax,287.38644,4.2481251,1,0,0,0,1,2,1
5/4/2010,SP,Fort Apache,347.91721,4.6592307,1,0,0,0,1,1,2
5/11/2010,SP,Fort Apache,203.79678,4.3966665,1,0,0,0,1,1,2
5/18/2010,SP,Fort Apache,241.46231,4.1530771,1,0,0,0,0,1,2
5/25/2010,SP,Fort Apache,233.11931,4.0999999,1,0,0,0,0,1,2
6/1/2010,SP,Fort Apache,206.84189,4.1428571,1,0,0,0,0,1,2
6/8/2010,SP,Fort Apache,268.00854,4.3292856,1,0,0,0,0,1,2
6/15/2010,SP,Fort Apache,340.76227,4.3316665,1,0,0,0,0,1,2
6/22/2010,SP,Fort Apache,299.35138,4.3053846,1,0,0,0,0,1,2
6/29/2010,SP,Fort Apache,398.974,4.4400001,1,0,1,0,0,1,2
7/6/2010,SP,Fort Apache,317.90317,3.8800001,1,0,0,1,0,1,2
7/13/2010,SP,Fort Apache,343.42105,3.8461537,1,0,0,1,0,1,2
5/4/2010,SP,Glendale,280.80362,5.0669231,1,0,0,0,1,2,5
5/11/2010,SP,Glendale,335.64136,4.6212502,1,0,0,0,1,2,5
5/18/2010,SP,Glendale,253.82111,4.1306667,1,0,0,0,0,2,5
5/25/2010,SP,Glendale,295.80698,4.0999999,1,0,0,0,0,2,5
6/1/2010,SP,Glendale,252.15976,4.1428571,1,0,0,0,0,2,5
6/8/2010,SP,Glendale,184.08665,4.3146667,1,0,0,0,0,2,5
6/15/2010,SP,Glendale,328.61084,4.3966665,1,0,0,0,0,2,5
6/22/2010,SP,Glendale,360.37646,4.6212502,1,0,1,0,0,2,5
6/29/2010,SP,Glendale,290.5882,4.8971429,1,0,0,1,0,2,5
7/6/2010,SP,Glendale,317.5072,4.2725,1,0,0,1,0,2,5
7/13/2010,SP,Glendale,304.35211,4.2026668,1,0,0,1,0,2,5
5/4/2010,SP,Henderson,401.50223,4.6592307,1,0,0,0,1,0,4
5/11/2010,SP,Henderson,375.91507,4.4823079,1,0,0,0,1,0,4
5/18/2010,SP,Henderson,237.30247,4.1173334,1,0,0,0,0,0,4
5/25/2010,SP,Henderson,189.99121,4.0999999,1,0,0,0,0,0,4
6/1/2010,SP,Henderson,218.77391,4.1399999,1,0,0,0,0,0,4
6/8/2010,SP,Henderson,255.95378,4.2007141,1,0,0,0,0,0,4
6/15/2010,SP,Henderson,188.09676,4.3169231,1,0,0,0,0,0,4
6/22/2010,SP,Henderson,290.11917,4.1428571,1,0,0,0,0,0,4
6/29/2010,SP,Henderson,357.72131,4.0691667,1,0,1,0,0,0,4
7/6/2010,SP,Henderson,367.78796,3.9846153,1,0,0,1,0,0,4
7/13/2010,SP,Henderson,388.2467,4.2525001,1,0,0,1,0,0,4
5/4/2010,SP,Jamboree,256.55228,4.8990908,1,0,0,0,1,1,2
5/11/2010,SP,Jamboree,325.71875,4.3966665,1,0,0,0,1,1,2
5/18/2010,SP,Jamboree,247.1378,4.1473331,1,0,0,0,0,1,2
5/25/2010,SP,Jamboree,256.53711,4.0999999,1,0,0,0,0,1,2
6/1/2010,SP,Jamboree,254.03639,4.0999999,1,0,0,0,0,1,2
6/8/2010,SP,Jamboree,335.14035,4.4549999,1,0,0,0,0,1,2
6/15/2010,SP,Jamboree,254.09502,4.3966665,1,0,0,0,0,1,2
6/22/2010,SP,Jamboree,327.02307,4.3453331,1,0,1,0,0,1,2
6/29/2010,SP,Jamboree,301.2547,4.3966665,1,0,0,1,0,1,2
7/6/2010,SP,Jamboree,333.54675,4.2868748,1,0,0,1,0,1,2
7/13/2010,SP,Jamboree,309.27316,4.2481251,1,0,0,1,0,1,2
5/4/2010,SP,Las Vegas Blvd,287.35019,3.9983332,1,0,0,0,1,0,1
5/11/2010,SP,Las Vegas Blvd,296.96136,4.1399999,1,0,0,0,1,0,1
5/18/2010,SP,Las Vegas Blvd,305.48535,3.9272728,1,0,0,0,0,0,1
5/25/2010,SP,Las Vegas Blvd,295.20206,3.8945456,1,0,0,0,0,0,1
6/1/2010,SP,Las Vegas Blvd,224.86906,3.8945456,1,0,0,0,0,0,1
6/8/2010,SP,Las Vegas Blvd,212.90965,4.0836363,1,0,0,0,0,0,1
6/15/2010,SP,Las Vegas Blvd,274.80063,4.0746155,1,0,0,0,0,0,1
6/22/2010,SP,Las Vegas Blvd,413.586,4.1399999,1,0,1,0,0,0,1
6/29/2010,SP,Las Vegas Blvd,279.53983,4.0746155,1,0,0,1,0,0,1
7/6/2010,SP,Las Vegas Blvd,250.60872,3.7307143,1,0,0,1,0,0,1
7/13/2010,SP,Las Vegas Blvd,273.28015,3.6153846,1,0,0,1,0,0,1
5/4/2010,SP,Pacific Coast Highway (aka El Segundo),274.48941,4.5185714,1,0,0,1,0,1,1
5/11/2010,SP,Pacific Coast Highway (aka El Segundo),215.17561,4.6212502,1,0,0,0,1,1,1
5/18/2010,SP,Pacific Coast Highway (aka El Segundo),359.24124,4.3718748,1,0,0,0,1,1,1
5/25/2010,SP,Pacific Coast Highway (aka El Segundo),184.32715,4.3431249,1,0,0,0,0,1,1
6/1/2010,SP,Pacific Coast Highway (aka El Segundo),232.62192,4.0999999,1,0,0,0,0,1,1
6/8/2010,SP,Pacific Coast Highway (aka El Segundo),223.70683,4.5500002,1,0,0,0,0,1,1
6/15/2010,SP,Pacific Coast Highway (aka El Segundo),219.06931,4.6212502,1,0,0,0,0,1,1
6/22/2010,SP,Pacific Coast Highway (aka El Segundo),367.81042,4.6212502,1,0,1,0,0,1,1
6/29/2010,SP,Pacific Coast Highway (aka El Segundo),364.88269,4.6212502,1,0,0,1,0,1,1
7/6/2010,SP,Pacific Coast Highway (aka El Segundo),301.49106,4.2806249,1,0,0,1,0,1,1
7/13/2010,SP,Pacific Coast Highway (aka El Segundo),430.63556,4.2653332,1,0,0,1,0,1,1
5/4/2010,SP,Pasadena,299.2009,4.8899999,1,0,0,0,1,2,3
5/11/2010,SP,Pasadena,268.36505,4.5663638,1,0,0,0,1,2,3
5/18/2010,SP,Pasadena,198.94926,4.75,1,0,0,0,0,2,3
5/25/2010,SP,Pasadena,199.73956,4.2735715,1,0,0,0,0,2,3
6/1/2010,SP,Pasadena,285.30176,4.5214286,1,0,0,0,0,2,3
6/8/2010,SP,Pasadena,199.9368,4.2466664,1,0,0,0,0,2,3
6/15/2010,SP,Pasadena,162.8219,4.79,1,0,0,0,0,2,3
6/22/2010,SP,Pasadena,289.62192,4.6130767,1,0,0,0,0,2,3
6/29/2010,SP,Pasadena,347.11038,4.583077,1,0,1,0,0,2,3
7/6/2010,SP,Pasadena,299.16885,4.1983333,1,0,0,1,0,2,3
7/13/2010,SP,Pasadena,318.74924,4.2653332,1,0,0,1,0,2,3
5/4/2010,SP,Thousand Oaks,333.13266,4.8788891,1,0,0,0,1,3,1
5/11/2010,SP,Thousand Oaks,338.33762,4.387857,1,0,0,0,1,3,1
5/18/2010,SP,Thousand Oaks,265.79999,4.0064287,1,0,0,0,0,3,1
5/25/2010,SP,Thousand Oaks,306.01776,4.2184615,1,0,0,0,0,3,1
6/1/2010,SP,Thousand Oaks,253.19727,4.0776925,1,0,0,0,0,3,1
6/8/2010,SP,Thousand Oaks,208.38684,4.3584614,1,0,0,0,0,3,1
6/15/2010,SP,Thousand Oaks,273.30765,4.5233335,1,0,0,0,0,3,1
6/22/2010,SP,Thousand Oaks,326.51141,4.3823075,1,0,1,0,0,3,1
6/29/2010,SP,Thousand Oaks,357.98013,4.5233335,1,0,0,1,0,3,1
7/6/2010,SP,Thousand Oaks,364.29688,3.7421429,1,0,0,1,0,3,1
7/13/2010,SP,Thousand Oaks,275.77542,3.9278572,1,0,0,1,0,3,1
5/4/2010,SP,Valencia,223.59999,4.8081818,1,0,0,1,0,2,4
5/11/2010,SP,Valencia,317.03458,4.8081818,1,0,0,0,1,2,4
5/18/2010,SP,Valencia,331.33194,4.5581818,1,0,0,0,1,2,4
5/25/2010,SP,Valencia,253.20378,4.5792856,1,0,0,0,0,2,4
6/1/2010,SP,Valencia,281.96866,4.5792856,1,0,0,0,0,2,4
6/8/2010,SP,Valencia,236.20544,4.8915386,1,0,0,0,0,2,4
6/15/2010,SP,Valencia,209.25813,4.7130771,1,0,0,0,0,2,4
6/22/2010,SP,Valencia,258.25934,4.8816667,1,0,0,0,0,2,4
6/29/2010,SP,Valencia,288.53006,5.0809093,1,0,1,0,0,2,4
7/6/2010,SP,Valencia,261.40216,3.9083333,1,0,0,1,0,2,4
7/13/2010,SP,Valencia,312.33279,4.1421428,1,0,0,1,0,2,4
5/4/2010,SP,Woodland Hills,246.84245,4.7344446,1,0,0,1,0,1,5
5/11/2010,SP,Woodland Hills,392.3967,4.3000002,1,0,0,0,1,1,5
5/18/2010,SP,Woodland Hills,312.24893,3.9530001,1,0,0,0,1,1,5
5/25/2010,SP,Woodland Hills,171.10443,4.0933332,1,0,0,0,0,1,5
6/1/2010,SP,Woodland Hills,250.18198,4.2687502,1,0,0,0,0,1,5
6/8/2010,SP,Woodland Hills,163.33348,4.4000001,1,0,0,0,0,1,5
6/15/2010,SP,Woodland Hills,332.51239,4.7677779,1,0,0,0,0,1,5
6/22/2010,SP,Woodland Hills,231.77547,4.9899998,1,0,0,0,0,1,5
6/29/2010,SP,Woodland Hills,316.40775,5.1566668,1,0,1,0,0,1,5
7/6/2010,SP,Woodland Hills,261.56293,4.9499998,1,0,0,1,0,1,5
7/13/2010,SP,Woodland Hills,324.38104,4.9499998,1,0,0,1,0,1,5
5/4/2010,SW,Alamo Quarry,186.94635,4.3899999,0,0,0,0,0,0,4
5/11/2010,SW,Alamo Quarry,179.85025,4.3899999,0,0,0,0,0,0,4
5/18/2010,SW,Alamo Quarry,133.85304,3.8399999,0,0,0,0,0,0,4
5/25/2010,SW,Alamo Quarry,202.41879,3.7515385,0,0,0,0,0,0,4
6/1/2010,SW,Alamo Quarry,235.23401,3.6757143,0,0,0,0,0,0,4
6/8/2010,SW,Alamo Quarry,145.63806,4.8042855,0,0,0,0,0,0,4
6/15/2010,SW,Alamo Quarry,179.26462,4.2600002,0,0,0,0,0,0,4
6/22/2010,SW,Alamo Quarry,220.79639,4.6311765,0,0,0,0,0,0,4
6/29/2010,SW,Alamo Quarry,199.02464,4.6311765,0,0,0,0,0,0,4
7/6/2010,SW,Alamo Quarry,113.13678,4.4211764,0,0,0,0,0,0,4
7/13/2010,SW,Alamo Quarry,158.69572,4.0731249,0,0,0,0,0,0,4
5/4/2010,SW,Bellaire,202.14581,4.5614285,0,0,0,0,0,2,2
5/11/2010,SW,Bellaire,52.213146,4.5614285,0,0,0,0,0,2,2
5/18/2010,SW,Bellaire,207.05881,3.9185715,0,0,0,0,0,2,2
5/25/2010,SW,Bellaire,152.87624,3.9066668,0,0,0,0,0,2,2
6/1/2010,SW,Bellaire,196.04716,3.9066668,0,0,0,0,0,2,2
6/8/2010,SW,Bellaire,119.13769,4.4899998,0,0,0,0,0,2,2
6/15/2010,SW,Bellaire,195.47752,4.5614285,0,0,0,0,0,2,2
6/22/2010,SW,Bellaire,225.25128,4.4344444,0,0,0,0,0,2,2
6/29/2010,SW,Bellaire,114.94396,4.4899998,0,0,0,0,0,2,2
7/6/2010,SW,Bellaire,170.28021,4.3471427,0,0,0,0,0,2,2
7/13/2010,SW,Bellaire,223.10655,4.3471427,0,0,0,0,0,2,2
5/4/2010,SW,Forest,237.39548,4.6566668,0,0,0,0,0,1,3
5/11/2010,SW,Forest,127.58749,4.6566668,0,0,0,0,0,1,3
5/18/2010,SW,Forest,225.12906,4.0733333,0,0,0,0,0,1,3
5/25/2010,SW,Forest,180.17532,4.0733333,0,0,0,0,0,1,3
6/1/2010,SW,Forest,243.54639,3.99,0,0,0,0,0,1,3
6/8/2010,SW,Forest,237.60448,4.5614285,0,0,0,0,0,1,3
6/15/2010,SW,Forest,191.12372,3.99,0,0,0,0,0,1,3
6/22/2010,SW,Forest,254.32043,3.99,0,0,0,0,0,1,3
6/29/2010,SW,Forest,217.85736,3.99,0,0,0,0,0,1,3
7/6/2010,SW,Forest,200.95126,4.3899999,0,0,0,0,0,1,3
7/13/2010,SW,Forest,120.85052,4.3899999,0,0,0,0,0,1,3
5/4/2010,SW,Lamar,273.49384,4.3899999,0,0,0,0,0,0,5
5/11/2010,SW,Lamar,92.088577,4.3899999,0,0,0,0,0,0,5
5/18/2010,SW,Lamar,213.75089,3.8399999,0,0,0,0,0,0,5
5/25/2010,SW,Lamar,132.54349,3.8399999,0,0,0,0,0,0,5
6/1/2010,SW,Lamar,218.02628,3.9445455,0,0,0,0,0,0,5
6/8/2010,SW,Lamar,227.0336,4.7172728,0,0,0,0,0,0,5
6/15/2010,SW,Lamar,85.514252,4.7172728,0,0,0,0,0,0,5
6/22/2010,SW,Lamar,126.25584,4.7172728,0,0,0,0,0,0,5
6/29/2010,SW,Lamar,201.41866,4.7172728,0,0,0,0,0,0,5
7/6/2010,SW,Lamar,108.88387,4.5354548,0,0,0,0,0,0,5
7/13/2010,SW,Lamar,206.90463,4.5354548,0,0,0,0,0,0,5
5/4/2010,SW,Parkway (aka Arlington),131.66975,3.99,0,0,0,0,0,2,1
5/11/2010,SW,Parkway (aka Arlington),140.28214,3.99,0,0,0,0,0,2,1
5/18/2010,SW,Parkway (aka Arlington),187.40269,3.74,0,0,0,0,0,2,1
5/25/2010,SW,Parkway (aka Arlington),190.10765,3.74,0,0,0,0,0,2,1
6/1/2010,SW,Parkway (aka Arlington),148.6691,3.74,0,0,0,0,0,2,1
6/8/2010,SW,Parkway (aka Arlington),174.01389,4.4344444,0,0,0,0,0,2,1
6/15/2010,SW,Parkway (aka Arlington),230.16782,3.99,0,0,0,0,0,2,1
6/22/2010,SW,Parkway (aka Arlington),103.59669,3.99,0,0,0,0,0,2,1
6/29/2010,SW,Parkway (aka Arlington),181.25128,3.99,0,0,0,0,0,2,1
7/6/2010,SW,Parkway (aka Arlington),134.42583,4.5900002,0,0,0,0,0,2,1
7/13/2010,SW,Parkway (aka Arlington),143.39206,4.5900002,0,0,0,0,0,2,1
5/4/2010,SW,Plano,136.50867,3.99,0,0,0,0,0,1,1
5/11/2010,SW,Plano,221.58174,3.99,0,0,0,0,0,1,1
5/18/2010,SW,Plano,231.25145,3.7757144,0,0,0,0,0,1,1
5/25/2010,SW,Plano,136.01134,3.7757144,0,0,0,0,0,1,1
6/1/2010,SW,Plano,213.82002,3.7042856,0,0,0,0,0,1,1
6/8/2010,SW,Plano,155.71857,3.99,0,0,0,0,0,1,1
6/15/2010,SW,Plano,196.5788,3.99,0,0,0,0,0,1,1
6/22/2010,SW,Plano,147.89413,3.99,0,0,0,0,0,1,1
6/29/2010,SW,Plano,218.2204,3.99,0,0,0,0,0,1,1
7/6/2010,SW,Plano,182.41422,3.7757144,0,0,0,0,0,1,1
7/13/2010,SW,Plano,114.82583,3.7757144,0,0,0,0,0,1,1
5/4/2010,SW,Veterans,81.346046,4.3899999,0,0,0,0,0,0,1
5/11/2010,SW,Veterans,292.95709,4.3899999,0,0,0,0,0,0,1
5/18/2010,SW,Veterans,113.45746,3.8399999,0,0,0,0,0,0,1
5/25/2010,SW,Veterans,200.75526,3.8399999,0,0,0,0,0,0,1
6/1/2010,SW,Veterans,254.3596,3.8399999,0,0,0,0,0,0,1
6/8/2010,SW,Veterans,201.02925,4.3899999,0,0,0,0,0,0,1
6/15/2010,SW,Veterans,192.68515,4.3899999,0,0,0,0,0,0,1
6/22/2010,SW,Veterans,173.72089,4.3899999,0,0,0,0,0,0,1
6/29/2010,SW,Veterans,278.58289,4.3899999,0,0,0,0,0,0,1
7/6/2010,SW,Veterans,122.22977,4.1900001,0,0,0,0,0,0,1
7/13/2010,SW,Veterans,166.89302,4.1900001,0,0,0,0,0,0,1
