"","customer_id","response"
"1",12347,0
"2",12348,0
"3",12349,0
"4",12350,0
"5",12352,0
"6",12353,0
"7",12354,0
"8",12355,0
"9",12356,0
"10",12357,0
"11",12358,0
"12",12359,0
"13",12360,0
"14",12361,0
"15",12362,1
"16",12363,0
"17",12364,0
"18",12365,0
"19",12367,0
"20",12370,0
"21",12371,0
"22",12372,0
"23",12373,0
"24",12374,0
"25",12375,0
"26",12377,0
"27",12378,0
"28",12379,0
"29",12380,0
"30",12381,0
"31",12383,0
"32",12384,0
"33",12386,0
"34",12388,0
"35",12390,0
"36",12391,0
"37",12393,0
"38",12394,0
"39",12395,0
"40",12397,0
"41",12398,0
"42",12399,0
"43",12401,0
"44",12402,0
"45",12403,0
"46",12405,0
"47",12406,0
"48",12407,0
"49",12408,0
"50",12409,0
"51",12410,0
"52",12412,0
"53",12413,0
"54",12414,0
"55",12415,0
"56",12417,1
"57",12418,0
"58",12420,0
"59",12421,0
"60",12422,0
"61",12423,1
"62",12424,0
"63",12425,0
"64",12426,0
"65",12427,0
"66",12428,1
"67",12429,0
"68",12430,0
"69",12431,0
"70",12432,0
"71",12433,1
"72",12434,0
"73",12435,0
"74",12436,0
"75",12437,1
"76",12438,0
"77",12441,0
"78",12442,0
"79",12444,0
"80",12445,0
"81",12446,0
"82",12447,0
"83",12448,0
"84",12449,0
"85",12450,0
"86",12451,1
"87",12452,0
"88",12453,0
"89",12454,0
"90",12455,0
"91",12456,0
"92",12457,0
"93",12458,0
"94",12461,0
"95",12462,0
"96",12463,0
"97",12464,0
"98",12465,0
"99",12468,0
"100",12471,1
"101",12472,0
"102",12473,0
"103",12474,0
"104",12475,0
"105",12476,0
"106",12477,0
"107",12478,0
"108",12479,0
"109",12480,0
"110",12481,0
"111",12483,0
"112",12484,0
"113",12488,0
"114",12489,0
"115",12490,1
"116",12491,0
"117",12492,0
"118",12493,0
"119",12494,0
"120",12497,0
"121",12498,0
"122",12500,0
"123",12501,0
"124",12502,0
"125",12504,0
"126",12506,0
"127",12507,0
"128",12508,0
"129",12509,0
"130",12510,0
"131",12512,0
"132",12513,0
"133",12514,0
"134",12515,0
"135",12516,0
"136",12517,0
"137",12518,0
"138",12519,0
"139",12520,0
"140",12521,0
"141",12522,0
"142",12523,0
"143",12524,1
"144",12526,0
"145",12527,0
"146",12528,0
"147",12530,0
"148",12531,0
"149",12532,0
"150",12534,0
"151",12535,0
"152",12536,0
"153",12538,0
"154",12539,0
"155",12540,0
"156",12541,0
"157",12544,0
"158",12545,0
"159",12546,0
"160",12547,0
"161",12548,0
"162",12550,0
"163",12551,0
"164",12552,0
"165",12553,1
"166",12556,0
"167",12557,0
"168",12558,0
"169",12559,0
"170",12560,1
"171",12561,0
"172",12562,1
"173",12564,0
"174",12565,0
"175",12566,0
"176",12567,0
"177",12569,0
"178",12571,0
"179",12572,0
"180",12573,0
"181",12574,0
"182",12576,0
"183",12577,0
"184",12578,0
"185",12579,0
"186",12580,0
"187",12581,0
"188",12582,0
"189",12583,1
"190",12584,0
"191",12585,0
"192",12586,0
"193",12587,0
"194",12588,0
"195",12589,0
"196",12590,0
"197",12591,0
"198",12592,0
"199",12593,0
"200",12594,0
"201",12596,0
"202",12597,0
"203",12598,0
"204",12599,0
"205",12600,0
"206",12601,0
"207",12602,0
"208",12603,0
"209",12604,0
"210",12607,0
"211",12609,0
"212",12610,0
"213",12611,0
"214",12612,0
"215",12613,0
"216",12614,0
"217",12615,0
"218",12616,0
"219",12617,0
"220",12618,0
"221",12619,0
"222",12620,0
"223",12621,1
"224",12622,0
"225",12623,0
"226",12624,0
"227",12625,0
"228",12626,0
"229",12627,0
"230",12628,0
"231",12630,0
"232",12631,0
"233",12633,0
"234",12635,0
"235",12637,0
"236",12638,0
"237",12639,0
"238",12640,0
"239",12641,0
"240",12642,0
"241",12643,0
"242",12644,0
"243",12645,0
"244",12646,0
"245",12647,0
"246",12648,0
"247",12649,0
"248",12650,0
"249",12651,0
"250",12652,0
"251",12653,0
"252",12654,0
"253",12656,0
"254",12657,0
"255",12658,0
"256",12659,0
"257",12660,0
"258",12662,0
"259",12664,1
"260",12665,0
"261",12667,0
"262",12668,0
"263",12669,0
"264",12670,0
"265",12672,0
"266",12673,0
"267",12674,0
"268",12676,0
"269",12678,0
"270",12679,0
"271",12680,0
"272",12681,1
"273",12682,1
"274",12683,1
"275",12684,1
"276",12685,0
"277",12686,0
"278",12688,0
"279",12689,0
"280",12690,0
"281",12691,0
"282",12693,0
"283",12694,0
"284",12695,0
"285",12697,0
"286",12700,0
"287",12701,0
"288",12702,0
"289",12703,0
"290",12704,0
"291",12705,0
"292",12707,0
"293",12708,0
"294",12709,0
"295",12710,0
"296",12712,1
"297",12713,0
"298",12714,0
"299",12715,0
"300",12716,0
"301",12717,0
"302",12718,0
"303",12719,0
"304",12720,1
"305",12721,0
"306",12722,0
"307",12723,0
"308",12724,1
"309",12725,0
"310",12726,0
"311",12727,1
"312",12728,0
"313",12729,0
"314",12731,0
"315",12732,0
"316",12733,0
"317",12734,0
"318",12735,0
"319",12736,0
"320",12738,0
"321",12739,0
"322",12740,0
"323",12743,0
"324",12744,0
"325",12747,0
"326",12748,0
"327",12749,1
"328",12750,0
"329",12752,0
"330",12753,0
"331",12754,0
"332",12755,0
"333",12756,0
"334",12757,0
"335",12758,0
"336",12759,0
"337",12762,0
"338",12763,0
"339",12764,0
"340",12766,0
"341",12769,0
"342",12770,0
"343",12772,0
"344",12775,0
"345",12778,0
"346",12779,0
"347",12781,0
"348",12782,0
"349",12783,0
"350",12784,0
"351",12785,0
"352",12787,0
"353",12789,0
"354",12790,0
"355",12791,0
"356",12792,0
"357",12793,0
"358",12794,0
"359",12795,0
"360",12797,0
"361",12798,0
"362",12802,0
"363",12808,0
"364",12809,0
"365",12811,0
"366",12812,0
"367",12814,0
"368",12815,0
"369",12816,0
"370",12817,0
"371",12818,0
"372",12820,0
"373",12821,0
"374",12822,0
"375",12823,0
"376",12824,0
"377",12826,0
"378",12827,0
"379",12828,0
"380",12829,0
"381",12830,0
"382",12831,0
"383",12832,0
"384",12833,0
"385",12834,0
"386",12836,0
"387",12837,0
"388",12838,0
"389",12839,0
"390",12840,0
"391",12841,1
"392",12842,0
"393",12843,0
"394",12844,0
"395",12845,0
"396",12847,0
"397",12849,0
"398",12851,0
"399",12852,0
"400",12853,0
"401",12854,0
"402",12855,0
"403",12856,0
"404",12857,0
"405",12863,0
"406",12864,0
"407",12865,0
"408",12866,0
"409",12867,0
"410",12868,0
"411",12871,0
"412",12872,0
"413",12873,0
"414",12875,0
"415",12876,0
"416",12877,0
"417",12878,0
"418",12879,0
"419",12881,0
"420",12882,0
"421",12883,0
"422",12884,0
"423",12885,0
"424",12886,0
"425",12888,0
"426",12890,0
"427",12891,0
"428",12893,0
"429",12895,0
"430",12897,0
"431",12901,0
"432",12902,0
"433",12904,0
"434",12906,0
"435",12909,0
"436",12910,1
"437",12912,1
"438",12913,1
"439",12915,0
"440",12916,0
"441",12917,0
"442",12919,0
"443",12920,0
"444",12921,0
"445",12922,0
"446",12923,0
"447",12924,0
"448",12925,0
"449",12928,0
"450",12929,0
"451",12930,0
"452",12931,1
"453",12933,0
"454",12935,0
"455",12936,0
"456",12937,0
"457",12938,0
"458",12939,0
"459",12940,0
"460",12942,0
"461",12944,0
"462",12945,0
"463",12947,0
"464",12948,0
"465",12949,0
"466",12950,0
"467",12951,0
"468",12952,0
"469",12953,0
"470",12955,0
"471",12956,0
"472",12957,1
"473",12962,0
"474",12963,0
"475",12965,0
"476",12966,0
"477",12967,0
"478",12968,0
"479",12970,0
"480",12971,0
"481",12974,0
"482",12976,0
"483",12977,0
"484",12980,0
"485",12981,0
"486",12982,0
"487",12984,0
"488",12985,0
"489",12987,0
"490",12988,0
"491",12989,1
"492",12990,0
"493",12991,0
"494",12993,0
"495",12994,0
"496",12995,0
"497",12997,1
"498",12999,0
"499",13000,0
"500",13001,1
"501",13002,0
"502",13003,0
"503",13004,1
"504",13005,0
"505",13006,0
"506",13008,0
"507",13011,0
"508",13012,0
"509",13013,1
"510",13014,0
"511",13015,0
"512",13016,0
"513",13017,0
"514",13018,0
"515",13021,0
"516",13023,0
"517",13026,0
"518",13027,0
"519",13028,0
"520",13029,0
"521",13030,0
"522",13032,0
"523",13033,0
"524",13034,0
"525",13035,0
"526",13037,0
"527",13038,0
"528",13040,0
"529",13043,0
"530",13044,0
"531",13045,0
"532",13046,0
"533",13047,0
"534",13048,0
"535",13049,0
"536",13050,0
"537",13052,0
"538",13055,0
"539",13058,0
"540",13059,0
"541",13060,0
"542",13061,0
"543",13062,0
"544",13064,0
"545",13065,0
"546",13066,0
"547",13067,0
"548",13068,0
"549",13069,1
"550",13070,0
"551",13072,0
"552",13075,0
"553",13077,0
"554",13078,0
"555",13079,0
"556",13080,0
"557",13081,0
"558",13082,0
"559",13083,0
"560",13085,0
"561",13089,0
"562",13090,0
"563",13091,0
"564",13092,0
"565",13093,0
"566",13094,0
"567",13095,0
"568",13097,0
"569",13098,1
"570",13099,0
"571",13101,0
"572",13102,0
"573",13103,0
"574",13104,0
"575",13106,0
"576",13107,0
"577",13108,0
"578",13109,0
"579",13110,0
"580",13113,0
"581",13115,0
"582",13116,0
"583",13117,0
"584",13118,0
"585",13120,0
"586",13121,0
"587",13122,0
"588",13124,0
"589",13126,0
"590",13127,0
"591",13130,0
"592",13131,0
"593",13132,0
"594",13133,0
"595",13134,0
"596",13136,0
"597",13137,0
"598",13138,0
"599",13139,0
"600",13140,0
"601",13141,0
"602",13142,0
"603",13144,0
"604",13145,0
"605",13146,0
"606",13147,0
"607",13148,0
"608",13149,0
"609",13151,0
"610",13153,0
"611",13155,0
"612",13157,0
"613",13158,0
"614",13159,0
"615",13160,0
"616",13161,0
"617",13162,0
"618",13165,0
"619",13166,0
"620",13167,0
"621",13168,0
"622",13169,0
"623",13170,0
"624",13171,0
"625",13173,0
"626",13174,0
"627",13176,0
"628",13177,0
"629",13178,0
"630",13182,0
"631",13183,1
"632",13184,0
"633",13185,0
"634",13186,0
"635",13187,0
"636",13188,0
"637",13189,0
"638",13192,0
"639",13193,0
"640",13194,0
"641",13196,0
"642",13198,0
"643",13199,0
"644",13200,0
"645",13203,0
"646",13207,0
"647",13208,0
"648",13209,0
"649",13210,0
"650",13211,0
"651",13212,0
"652",13213,0
"653",13216,0
"654",13217,0
"655",13218,0
"656",13220,0
"657",13221,0
"658",13223,0
"659",13224,0
"660",13225,1
"661",13226,0
"662",13227,0
"663",13228,0
"664",13229,0
"665",13230,0
"666",13232,0
"667",13233,0
"668",13235,0
"669",13236,0
"670",13238,0
"671",13239,0
"672",13240,0
"673",13242,0
"674",13243,0
"675",13244,0
"676",13245,0
"677",13246,0
"678",13247,0
"679",13248,0
"680",13249,0
"681",13253,0
"682",13255,0
"683",13258,0
"684",13259,0
"685",13260,0
"686",13261,0
"687",13262,0
"688",13263,0
"689",13265,0
"690",13266,0
"691",13267,0
"692",13268,0
"693",13269,1
"694",13270,0
"695",13271,0
"696",13272,0
"697",13273,0
"698",13276,0
"699",13277,0
"700",13278,0
"701",13279,0
"702",13280,0
"703",13282,0
"704",13283,0
"705",13284,0
"706",13285,0
"707",13291,0
"708",13292,0
"709",13294,0
"710",13295,0
"711",13296,0
"712",13297,1
"713",13298,0
"714",13299,0
"715",13300,0
"716",13301,0
"717",13302,0
"718",13304,0
"719",13305,0
"720",13307,0
"721",13308,0
"722",13309,0
"723",13310,0
"724",13311,0
"725",13313,0
"726",13314,0
"727",13316,0
"728",13317,0
"729",13318,0
"730",13319,0
"731",13320,0
"732",13321,0
"733",13322,0
"734",13323,0
"735",13324,0
"736",13325,0
"737",13327,0
"738",13328,0
"739",13329,0
"740",13330,0
"741",13332,0
"742",13334,0
"743",13336,0
"744",13338,0
"745",13339,0
"746",13340,0
"747",13341,0
"748",13343,0
"749",13344,0
"750",13345,0
"751",13347,0
"752",13348,0
"753",13349,0
"754",13350,0
"755",13351,0
"756",13352,0
"757",13354,0
"758",13355,0
"759",13356,0
"760",13357,0
"761",13358,0
"762",13359,0
"763",13362,0
"764",13363,0
"765",13364,0
"766",13365,0
"767",13366,0
"768",13368,0
"769",13369,0
"770",13370,0
"771",13372,0
"772",13373,0
"773",13375,0
"774",13376,0
"775",13379,0
"776",13381,0
"777",13382,0
"778",13384,0
"779",13385,0
"780",13388,0
"781",13389,1
"782",13390,0
"783",13391,0
"784",13394,1
"785",13395,0
"786",13396,0
"787",13397,0
"788",13398,0
"789",13402,0
"790",13403,0
"791",13404,0
"792",13405,0
"793",13408,0
"794",13410,0
"795",13411,0
"796",13414,0
"797",13416,0
"798",13417,0
"799",13418,0
"800",13419,0
"801",13420,0
"802",13421,0
"803",13422,0
"804",13425,0
"805",13426,0
"806",13427,0
"807",13428,0
"808",13429,0
"809",13430,0
"810",13431,0
"811",13434,0
"812",13435,1
"813",13436,0
"814",13437,0
"815",13439,0
"816",13441,0
"817",13447,0
"818",13448,0
"819",13449,0
"820",13450,0
"821",13451,0
"822",13453,0
"823",13455,0
"824",13456,0
"825",13458,1
"826",13460,0
"827",13461,0
"828",13462,0
"829",13464,0
"830",13466,0
"831",13467,0
"832",13468,0
"833",13470,0
"834",13471,1
"835",13473,0
"836",13474,0
"837",13475,0
"838",13476,0
"839",13477,0
"840",13479,0
"841",13481,0
"842",13482,0
"843",13483,0
"844",13484,0
"845",13485,0
"846",13486,0
"847",13487,0
"848",13488,0
"849",13489,0
"850",13491,0
"851",13492,0
"852",13493,0
"853",13494,0
"854",13495,1
"855",13496,0
"856",13497,0
"857",13499,0
"858",13500,0
"859",13501,0
"860",13502,0
"861",13503,0
"862",13504,0
"863",13505,0
"864",13506,0
"865",13507,0
"866",13508,0
"867",13509,0
"868",13510,0
"869",13512,0
"870",13513,0
"871",13514,0
"872",13515,0
"873",13516,0
"874",13517,0
"875",13518,0
"876",13519,0
"877",13520,0
"878",13521,0
"879",13522,0
"880",13523,0
"881",13524,0
"882",13525,0
"883",13527,0
"884",13529,0
"885",13531,0
"886",13532,0
"887",13533,0
"888",13534,1
"889",13536,1
"890",13538,0
"891",13539,0
"892",13544,0
"893",13546,0
"894",13548,0
"895",13549,0
"896",13551,0
"897",13552,0
"898",13555,0
"899",13557,0
"900",13558,0
"901",13560,0
"902",13561,0
"903",13562,0
"904",13563,0
"905",13564,0
"906",13565,0
"907",13566,0
"908",13568,0
"909",13569,0
"910",13570,0
"911",13571,0
"912",13572,0
"913",13573,0
"914",13575,0
"915",13576,0
"916",13577,0
"917",13579,0
"918",13581,0
"919",13583,0
"920",13584,0
"921",13587,0
"922",13588,0
"923",13589,0
"924",13590,0
"925",13591,0
"926",13592,0
"927",13593,0
"928",13594,0
"929",13596,0
"930",13598,0
"931",13599,0
"932",13600,0
"933",13601,0
"934",13602,0
"935",13603,0
"936",13606,0
"937",13607,0
"938",13610,1
"939",13611,0
"940",13614,0
"941",13615,0
"942",13617,0
"943",13618,0
"944",13621,0
"945",13623,0
"946",13626,0
"947",13627,0
"948",13629,0
"949",13630,0
"950",13631,0
"951",13632,0
"952",13634,0
"953",13635,0
"954",13636,0
"955",13637,0
"956",13638,0
"957",13639,0
"958",13642,0
"959",13643,0
"960",13644,0
"961",13645,0
"962",13647,0
"963",13649,0
"964",13650,0
"965",13651,0
"966",13652,0
"967",13654,0
"968",13655,0
"969",13656,0
"970",13657,0
"971",13658,0
"972",13659,0
"973",13662,0
"974",13663,0
"975",13666,0
"976",13667,0
"977",13668,0
"978",13669,0
"979",13670,0
"980",13672,0
"981",13673,0
"982",13675,0
"983",13678,0
"984",13680,0
"985",13681,0
"986",13682,0
"987",13684,0
"988",13685,0
"989",13686,0
"990",13689,0
"991",13690,0
"992",13692,0
"993",13694,1
"994",13695,0
"995",13697,0
"996",13699,0
"997",13700,0
"998",13703,0
"999",13704,1
"1000",13705,0
"1001",13706,0
"1002",13707,0
"1003",13708,0
"1004",13709,1
"1005",13710,0
"1006",13711,0
"1007",13712,0
"1008",13715,0
"1009",13716,0
"1010",13717,0
"1011",13718,0
"1012",13719,0
"1013",13720,0
"1014",13721,0
"1015",13722,0
"1016",13723,0
"1017",13725,0
"1018",13726,0
"1019",13727,0
"1020",13728,0
"1021",13730,0
"1022",13731,0
"1023",13732,0
"1024",13735,0
"1025",13736,0
"1026",13737,0
"1027",13739,0
"1028",13740,0
"1029",13741,0
"1030",13742,0
"1031",13743,1
"1032",13744,0
"1033",13745,0
"1034",13747,0
"1035",13748,0
"1036",13750,0
"1037",13751,0
"1038",13752,0
"1039",13753,0
"1040",13754,0
"1041",13755,0
"1042",13756,0
"1043",13758,0
"1044",13759,0
"1045",13760,0
"1046",13761,0
"1047",13762,0
"1048",13763,0
"1049",13764,0
"1050",13767,0
"1051",13769,0
"1052",13771,0
"1053",13772,0
"1054",13774,0
"1055",13777,1
"1056",13778,0
"1057",13780,0
"1058",13781,0
"1059",13782,0
"1060",13784,0
"1061",13786,0
"1062",13787,0
"1063",13790,0
"1064",13791,0
"1065",13792,0
"1066",13798,0
"1067",13799,0
"1068",13800,0
"1069",13801,0
"1070",13802,0
"1071",13803,0
"1072",13804,0
"1073",13805,0
"1074",13806,0
"1075",13807,0
"1076",13808,0
"1077",13809,0
"1078",13810,0
"1079",13811,0
"1080",13812,0
"1081",13813,0
"1082",13814,0
"1083",13815,0
"1084",13816,0
"1085",13817,0
"1086",13819,0
"1087",13821,0
"1088",13822,0
"1089",13823,0
"1090",13824,0
"1091",13826,0
"1092",13827,0
"1093",13828,0
"1094",13831,0
"1095",13832,0
"1096",13833,0
"1097",13835,0
"1098",13837,0
"1099",13838,0
"1100",13841,0
"1101",13842,0
"1102",13844,0
"1103",13845,0
"1104",13846,0
"1105",13848,0
"1106",13849,0
"1107",13850,0
"1108",13851,0
"1109",13853,0
"1110",13854,0
"1111",13856,0
"1112",13858,0
"1113",13859,0
"1114",13860,0
"1115",13862,0
"1116",13863,0
"1117",13865,0
"1118",13866,0
"1119",13867,0
"1120",13868,0
"1121",13869,0
"1122",13870,0
"1123",13871,0
"1124",13873,0
"1125",13874,0
"1126",13875,0
"1127",13876,0
"1128",13877,0
"1129",13878,0
"1130",13880,0
"1131",13881,1
"1132",13882,0
"1133",13883,1
"1134",13884,0
"1135",13885,0
"1136",13886,0
"1137",13887,0
"1138",13888,0
"1139",13889,0
"1140",13890,1
"1141",13892,0
"1142",13893,0
"1143",13894,0
"1144",13895,0
"1145",13897,0
"1146",13898,0
"1147",13899,0
"1148",13900,0
"1149",13901,0
"1150",13904,0
"1151",13908,0
"1152",13911,0
"1153",13914,0
"1154",13917,0
"1155",13918,0
"1156",13919,0
"1157",13922,0
"1158",13923,0
"1159",13924,0
"1160",13925,0
"1161",13926,0
"1162",13927,0
"1163",13928,0
"1164",13929,0
"1165",13930,0
"1166",13931,0
"1167",13932,0
"1168",13933,0
"1169",13934,0
"1170",13936,0
"1171",13937,0
"1172",13938,0
"1173",13939,0
"1174",13940,0
"1175",13941,0
"1176",13946,0
"1177",13947,0
"1178",13948,0
"1179",13949,0
"1180",13950,0
"1181",13951,0
"1182",13952,0
"1183",13953,0
"1184",13954,0
"1185",13955,0
"1186",13956,0
"1187",13959,0
"1188",13960,0
"1189",13962,0
"1190",13963,0
"1191",13967,0
"1192",13969,0
"1193",13971,0
"1194",13972,0
"1195",13973,0
"1196",13974,0
"1197",13975,0
"1198",13976,0
"1199",13978,0
"1200",13979,0
"1201",13980,0
"1202",13982,0
"1203",13983,0
"1204",13984,0
"1205",13985,1
"1206",13986,0
"1207",13988,0
"1208",13989,0
"1209",13990,0
"1210",13991,0
"1211",13992,0
"1212",13993,0
"1213",13994,0
"1214",13995,0
"1215",13999,0
"1216",14000,0
"1217",14001,0
"1218",14002,0
"1219",14004,0
"1220",14005,1
"1221",14006,0
"1222",14009,0
"1223",14012,0
"1224",14013,0
"1225",14014,0
"1226",14015,0
"1227",14016,0
"1228",14019,0
"1229",14020,0
"1230",14021,0
"1231",14022,0
"1232",14023,0
"1233",14024,0
"1234",14027,0
"1235",14029,0
"1236",14030,0
"1237",14031,1
"1238",14032,0
"1239",14034,0
"1240",14035,0
"1241",14036,0
"1242",14037,0
"1243",14038,0
"1244",14039,0
"1245",14040,0
"1246",14041,0
"1247",14044,0
"1248",14045,0
"1249",14046,0
"1250",14047,0
"1251",14048,0
"1252",14049,0
"1253",14050,0
"1254",14051,0
"1255",14052,0
"1256",14053,0
"1257",14054,0
"1258",14055,0
"1259",14056,0
"1260",14057,0
"1261",14059,0
"1262",14060,1
"1263",14062,1
"1264",14064,0
"1265",14066,0
"1266",14067,0
"1267",14068,0
"1268",14071,0
"1269",14073,0
"1270",14075,0
"1271",14076,0
"1272",14077,0
"1273",14078,0
"1274",14079,0
"1275",14080,0
"1276",14081,0
"1277",14082,0
"1278",14083,0
"1279",14085,1
"1280",14087,0
"1281",14088,0
"1282",14089,0
"1283",14090,0
"1284",14092,1
"1285",14093,0
"1286",14096,1
"1287",14098,0
"1288",14099,0
"1289",14100,0
"1290",14101,0
"1291",14102,0
"1292",14104,0
"1293",14105,0
"1294",14107,0
"1295",14108,0
"1296",14109,0
"1297",14110,1
"1298",14111,0
"1299",14112,0
"1300",14113,0
"1301",14114,0
"1302",14116,0
"1303",14117,0
"1304",14121,0
"1305",14124,0
"1306",14125,0
"1307",14126,0
"1308",14127,0
"1309",14128,0
"1310",14129,0
"1311",14130,0
"1312",14132,0
"1313",14133,0
"1314",14135,0
"1315",14138,0
"1316",14139,0
"1317",14140,0
"1318",14141,0
"1319",14142,0
"1320",14143,0
"1321",14145,0
"1322",14146,0
"1323",14147,0
"1324",14148,0
"1325",14149,0
"1326",14150,0
"1327",14152,0
"1328",14154,0
"1329",14155,0
"1330",14156,1
"1331",14157,0
"1332",14158,0
"1333",14159,0
"1334",14161,0
"1335",14162,0
"1336",14163,0
"1337",14164,0
"1338",14165,0
"1339",14167,0
"1340",14171,0
"1341",14173,0
"1342",14174,0
"1343",14175,0
"1344",14176,0
"1345",14177,0
"1346",14178,0
"1347",14179,0
"1348",14180,0
"1349",14184,0
"1350",14185,0
"1351",14188,0
"1352",14189,0
"1353",14191,1
"1354",14193,0
"1355",14194,1
"1356",14195,0
"1357",14196,0
"1358",14198,0
"1359",14199,0
"1360",14201,0
"1361",14204,0
"1362",14205,0
"1363",14206,0
"1364",14208,0
"1365",14209,0
"1366",14210,0
"1367",14211,0
"1368",14212,0
"1369",14214,0
"1370",14215,1
"1371",14216,0
"1372",14217,1
"1373",14218,0
"1374",14219,0
"1375",14220,0
"1376",14221,0
"1377",14222,0
"1378",14223,0
"1379",14224,0
"1380",14226,0
"1381",14227,0
"1382",14229,0
"1383",14231,0
"1384",14232,0
"1385",14233,0
"1386",14234,0
"1387",14235,0
"1388",14236,0
"1389",14237,0
"1390",14238,0
"1391",14239,0
"1392",14240,0
"1393",14241,0
"1394",14242,0
"1395",14243,1
"1396",14245,0
"1397",14246,0
"1398",14247,0
"1399",14248,0
"1400",14250,0
"1401",14251,0
"1402",14256,0
"1403",14257,0
"1404",14258,0
"1405",14259,0
"1406",14261,0
"1407",14262,0
"1408",14264,0
"1409",14265,0
"1410",14267,0
"1411",14270,0
"1412",14271,0
"1413",14272,0
"1414",14273,0
"1415",14276,0
"1416",14277,0
"1417",14280,0
"1418",14282,0
"1419",14284,0
"1420",14285,0
"1421",14286,0
"1422",14287,0
"1423",14288,0
"1424",14289,0
"1425",14290,0
"1426",14291,0
"1427",14292,0
"1428",14293,0
"1429",14295,0
"1430",14297,0
"1431",14298,1
"1432",14299,1
"1433",14300,0
"1434",14301,0
"1435",14304,0
"1436",14305,0
"1437",14306,0
"1438",14307,0
"1439",14309,0
"1440",14311,0
"1441",14312,0
"1442",14314,0
"1443",14315,0
"1444",14317,0
"1445",14320,0
"1446",14321,0
"1447",14323,0
"1448",14326,0
"1449",14327,0
"1450",14329,0
"1451",14331,0
"1452",14332,0
"1453",14333,0
"1454",14334,0
"1455",14335,0
"1456",14336,0
"1457",14338,0
"1458",14339,0
"1459",14340,0
"1460",14341,0
"1461",14342,0
"1462",14344,0
"1463",14345,0
"1464",14346,0
"1465",14348,0
"1466",14349,0
"1467",14350,0
"1468",14351,0
"1469",14352,0
"1470",14353,0
"1471",14354,0
"1472",14355,0
"1473",14356,0
"1474",14357,0
"1475",14359,0
"1476",14360,0
"1477",14362,0
"1478",14364,0
"1479",14367,1
"1480",14368,0
"1481",14371,0
"1482",14373,0
"1483",14375,0
"1484",14377,0
"1485",14379,0
"1486",14381,0
"1487",14382,0
"1488",14383,0
"1489",14385,0
"1490",14386,0
"1491",14387,0
"1492",14388,0
"1493",14389,0
"1494",14390,0
"1495",14393,0
"1496",14395,0
"1497",14396,0
"1498",14397,0
"1499",14400,0
"1500",14401,1
"1501",14403,0
"1502",14404,0
"1503",14406,0
"1504",14407,0
"1505",14408,0
"1506",14409,0
"1507",14410,0
"1508",14411,0
"1509",14412,0
"1510",14413,0
"1511",14414,0
"1512",14415,0
"1513",14416,0
"1514",14418,0
"1515",14419,0
"1516",14420,0
"1517",14421,0
"1518",14422,1
"1519",14423,0
"1520",14424,0
"1521",14426,0
"1522",14427,0
"1523",14428,0
"1524",14431,0
"1525",14432,1
"1526",14434,0
"1527",14436,0
"1528",14437,0
"1529",14438,0
"1530",14439,0
"1531",14440,0
"1532",14441,1
"1533",14442,0
"1534",14443,0
"1535",14446,0
"1536",14447,0
"1537",14448,0
"1538",14449,0
"1539",14450,0
"1540",14451,0
"1541",14452,0
"1542",14453,0
"1543",14456,1
"1544",14457,0
"1545",14459,0
"1546",14460,0
"1547",14461,0
"1548",14462,0
"1549",14463,0
"1550",14465,0
"1551",14466,0
"1552",14467,0
"1553",14470,0
"1554",14472,0
"1555",14473,0
"1556",14474,0
"1557",14475,0
"1558",14476,0
"1559",14477,0
"1560",14479,0
"1561",14480,0
"1562",14481,0
"1563",14482,0
"1564",14483,0
"1565",14484,0
"1566",14485,0
"1567",14487,0
"1568",14488,0
"1569",14489,0
"1570",14491,0
"1571",14493,0
"1572",14494,0
"1573",14495,0
"1574",14496,0
"1575",14497,0
"1576",14498,0
"1577",14499,0
"1578",14500,0
"1579",14501,0
"1580",14502,0
"1581",14503,1
"1582",14504,0
"1583",14505,0
"1584",14506,0
"1585",14507,0
"1586",14508,0
"1587",14511,0
"1588",14512,0
"1589",14513,0
"1590",14514,0
"1591",14515,0
"1592",14517,0
"1593",14518,0
"1594",14520,0
"1595",14522,0
"1596",14523,0
"1597",14524,0
"1598",14525,0
"1599",14527,0
"1600",14528,0
"1601",14529,0
"1602",14530,0
"1603",14532,0
"1604",14533,0
"1605",14534,0
"1606",14535,0
"1607",14536,0
"1608",14537,0
"1609",14538,0
"1610",14539,0
"1611",14540,0
"1612",14541,0
"1613",14542,0
"1614",14543,0
"1615",14544,0
"1616",14546,0
"1617",14547,1
"1618",14548,0
"1619",14549,0
"1620",14550,0
"1621",14551,0
"1622",14552,0
"1623",14553,0
"1624",14554,0
"1625",14555,0
"1626",14557,0
"1627",14560,0
"1628",14561,0
"1629",14562,0
"1630",14565,0
"1631",14566,0
"1632",14567,0
"1633",14569,0
"1634",14570,0
"1635",14572,0
"1636",14573,0
"1637",14576,0
"1638",14577,0
"1639",14578,0
"1640",14581,0
"1641",14582,0
"1642",14583,0
"1643",14584,0
"1644",14585,0
"1645",14586,0
"1646",14587,0
"1647",14589,0
"1648",14591,0
"1649",14592,0
"1650",14593,0
"1651",14594,0
"1652",14595,0
"1653",14597,0
"1654",14598,0
"1655",14600,0
"1656",14601,0
"1657",14603,0
"1658",14606,0
"1659",14607,0
"1660",14608,0
"1661",14616,0
"1662",14618,0
"1663",14619,0
"1664",14620,0
"1665",14621,0
"1666",14622,0
"1667",14623,0
"1668",14624,0
"1669",14625,0
"1670",14626,0
"1671",14628,0
"1672",14629,1
"1673",14631,0
"1674",14632,0
"1675",14633,0
"1676",14636,0
"1677",14638,0
"1678",14639,0
"1679",14640,0
"1680",14641,0
"1681",14642,0
"1682",14643,0
"1683",14644,0
"1684",14645,0
"1685",14646,0
"1686",14647,0
"1687",14649,0
"1688",14651,0
"1689",14652,0
"1690",14653,0
"1691",14655,0
"1692",14656,0
"1693",14657,0
"1694",14658,0
"1695",14659,0
"1696",14660,0
"1697",14661,0
"1698",14662,0
"1699",14664,0
"1700",14665,0
"1701",14666,0
"1702",14667,1
"1703",14669,0
"1704",14670,0
"1705",14672,0
"1706",14673,0
"1707",14675,0
"1708",14676,0
"1709",14680,0
"1710",14681,0
"1711",14682,0
"1712",14684,0
"1713",14687,0
"1714",14688,0
"1715",14689,0
"1716",14690,0
"1717",14691,0
"1718",14692,0
"1719",14693,0
"1720",14696,1
"1721",14697,0
"1722",14698,0
"1723",14699,0
"1724",14700,0
"1725",14701,0
"1726",14702,0
"1727",14703,0
"1728",14704,0
"1729",14705,0
"1730",14708,0
"1731",14709,0
"1732",14710,0
"1733",14711,0
"1734",14712,0
"1735",14713,0
"1736",14714,0
"1737",14715,0
"1738",14716,0
"1739",14719,0
"1740",14720,0
"1741",14722,0
"1742",14723,0
"1743",14725,0
"1744",14727,0
"1745",14729,0
"1746",14730,0
"1747",14731,0
"1748",14732,1
"1749",14733,0
"1750",14735,1
"1751",14737,1
"1752",14738,0
"1753",14739,0
"1754",14740,0
"1755",14741,1
"1756",14744,0
"1757",14745,0
"1758",14747,0
"1759",14748,0
"1760",14752,0
"1761",14753,0
"1762",14754,0
"1763",14755,1
"1764",14756,0
"1765",14757,0
"1766",14758,0
"1767",14759,0
"1768",14760,0
"1769",14761,0
"1770",14762,0
"1771",14764,0
"1772",14765,0
"1773",14766,1
"1774",14768,0
"1775",14769,1
"1776",14770,0
"1777",14772,0
"1778",14775,0
"1779",14776,0
"1780",14778,0
"1781",14779,0
"1782",14780,0
"1783",14782,0
"1784",14784,0
"1785",14785,0
"1786",14788,0
"1787",14789,0
"1788",14790,0
"1789",14792,0
"1790",14793,0
"1791",14794,0
"1792",14795,0
"1793",14796,1
"1794",14798,0
"1795",14799,0
"1796",14800,0
"1797",14801,0
"1798",14803,0
"1799",14804,0
"1800",14805,0
"1801",14806,0
"1802",14808,0
"1803",14810,0
"1804",14813,0
"1805",14815,0
"1806",14816,0
"1807",14817,0
"1808",14818,0
"1809",14819,0
"1810",14820,0
"1811",14821,0
"1812",14823,0
"1813",14824,0
"1814",14825,0
"1815",14828,0
"1816",14829,0
"1817",14830,0
"1818",14834,0
"1819",14836,0
"1820",14837,0
"1821",14840,0
"1822",14841,0
"1823",14842,0
"1824",14844,0
"1825",14847,0
"1826",14849,0
"1827",14850,0
"1828",14851,0
"1829",14852,0
"1830",14853,0
"1831",14854,0
"1832",14855,0
"1833",14856,0
"1834",14857,0
"1835",14859,0
"1836",14860,0
"1837",14861,0
"1838",14862,0
"1839",14863,0
"1840",14865,0
"1841",14866,0
"1842",14867,0
"1843",14868,0
"1844",14869,0
"1845",14870,0
"1846",14871,0
"1847",14873,0
"1848",14875,0
"1849",14878,0
"1850",14880,0
"1851",14881,0
"1852",14882,0
"1853",14883,0
"1854",14885,0
"1855",14886,0
"1856",14887,0
"1857",14888,0
"1858",14889,0
"1859",14890,0
"1860",14891,0
"1861",14893,0
"1862",14894,0
"1863",14895,0
"1864",14896,0
"1865",14897,1
"1866",14898,0
"1867",14901,1
"1868",14902,0
"1869",14903,0
"1870",14904,0
"1871",14905,0
"1872",14907,1
"1873",14908,0
"1874",14910,0
"1875",14911,0
"1876",14912,0
"1877",14913,0
"1878",14915,0
"1879",14916,0
"1880",14918,0
"1881",14920,0
"1882",14921,0
"1883",14923,0
"1884",14924,0
"1885",14929,0
"1886",14930,0
"1887",14931,0
"1888",14932,0
"1889",14934,0
"1890",14935,0
"1891",14936,0
"1892",14937,0
"1893",14944,0
"1894",14946,0
"1895",14947,0
"1896",14948,0
"1897",14950,0
"1898",14951,0
"1899",14952,0
"1900",14953,0
"1901",14954,0
"1902",14957,0
"1903",14958,0
"1904",14959,0
"1905",14960,0
"1906",14961,0
"1907",14962,0
"1908",14963,0
"1909",14964,0
"1910",14965,0
"1911",14966,0
"1912",14967,0
"1913",14968,0
"1914",14970,0
"1915",14971,0
"1916",14972,0
"1917",14973,0
"1918",14974,0
"1919",14975,0
"1920",14976,0
"1921",14978,0
"1922",14981,0
"1923",14984,0
"1924",14985,0
"1925",14987,0
"1926",14988,0
"1927",14995,0
"1928",14997,0
"1929",14998,0
"1930",15000,0
"1931",15002,0
"1932",15004,0
"1933",15005,0
"1934",15006,0
"1935",15007,0
"1936",15009,0
"1937",15010,0
"1938",15012,0
"1939",15014,0
"1940",15016,0
"1941",15017,0
"1942",15018,0
"1943",15019,0
"1944",15021,1
"1945",15022,0
"1946",15023,0
"1947",15024,0
"1948",15025,0
"1949",15026,0
"1950",15027,0
"1951",15028,0
"1952",15030,0
"1953",15031,0
"1954",15032,0
"1955",15033,0
"1956",15034,0
"1957",15035,0
"1958",15036,0
"1959",15038,0
"1960",15039,1
"1961",15041,0
"1962",15042,0
"1963",15043,0
"1964",15044,0
"1965",15045,0
"1966",15046,0
"1967",15047,0
"1968",15048,0
"1969",15049,0
"1970",15050,0
"1971",15051,0
"1972",15052,0
"1973",15053,1
"1974",15054,0
"1975",15057,0
"1976",15058,0
"1977",15059,0
"1978",15060,0
"1979",15061,1
"1980",15062,0
"1981",15063,0
"1982",15065,0
"1983",15066,0
"1984",15067,0
"1985",15068,0
"1986",15069,0
"1987",15070,0
"1988",15071,0
"1989",15073,0
"1990",15074,0
"1991",15075,0
"1992",15076,0
"1993",15078,0
"1994",15079,0
"1995",15081,0
"1996",15083,0
"1997",15087,0
"1998",15088,0
"1999",15089,0
"2000",15090,0
"2001",15091,0
"2002",15092,0
"2003",15093,0
"2004",15095,0
"2005",15096,0
"2006",15097,0
"2007",15098,0
"2008",15099,0
"2009",15100,0
"2010",15101,0
"2011",15103,0
"2012",15104,0
"2013",15105,0
"2014",15106,0
"2015",15107,0
"2016",15108,0
"2017",15109,0
"2018",15110,0
"2019",15111,0
"2020",15113,0
"2021",15114,0
"2022",15115,0
"2023",15116,0
"2024",15117,1
"2025",15119,0
"2026",15120,0
"2027",15121,0
"2028",15122,0
"2029",15123,0
"2030",15124,0
"2031",15125,0
"2032",15127,0
"2033",15128,0
"2034",15129,0
"2035",15130,0
"2036",15132,0
"2037",15133,0
"2038",15134,0
"2039",15135,0
"2040",15136,0
"2041",15139,0
"2042",15140,0
"2043",15142,0
"2044",15143,0
"2045",15144,1
"2046",15145,0
"2047",15146,0
"2048",15147,0
"2049",15148,0
"2050",15149,0
"2051",15150,0
"2052",15152,1
"2053",15153,0
"2054",15154,0
"2055",15156,0
"2056",15157,0
"2057",15158,0
"2058",15159,1
"2059",15160,0
"2060",15163,0
"2061",15164,0
"2062",15165,0
"2063",15167,0
"2064",15168,0
"2065",15171,0
"2066",15172,0
"2067",15174,0
"2068",15175,0
"2069",15178,0
"2070",15179,0
"2071",15180,0
"2072",15181,0
"2073",15182,0
"2074",15184,0
"2075",15185,0
"2076",15186,0
"2077",15187,0
"2078",15189,0
"2079",15192,0
"2080",15193,0
"2081",15194,0
"2082",15197,0
"2083",15198,0
"2084",15199,0
"2085",15201,0
"2086",15203,0
"2087",15204,0
"2088",15205,0
"2089",15206,0
"2090",15208,0
"2091",15210,0
"2092",15211,0
"2093",15212,0
"2094",15213,0
"2095",15214,1
"2096",15215,0
"2097",15216,0
"2098",15218,1
"2099",15219,0
"2100",15220,0
"2101",15221,0
"2102",15222,0
"2103",15223,0
"2104",15224,0
"2105",15225,0
"2106",15226,0
"2107",15227,0
"2108",15228,0
"2109",15230,0
"2110",15232,0
"2111",15234,0
"2112",15235,0
"2113",15236,0
"2114",15237,0
"2115",15238,0
"2116",15239,0
"2117",15240,0
"2118",15241,0
"2119",15243,0
"2120",15244,0
"2121",15245,0
"2122",15246,0
"2123",15247,0
"2124",15249,0
"2125",15251,0
"2126",15252,0
"2127",15253,0
"2128",15254,0
"2129",15255,0
"2130",15256,0
"2131",15257,0
"2132",15258,0
"2133",15260,0
"2134",15261,0
"2135",15262,0
"2136",15263,0
"2137",15264,0
"2138",15265,0
"2139",15266,0
"2140",15267,0
"2141",15269,0
"2142",15270,0
"2143",15271,1
"2144",15272,0
"2145",15274,0
"2146",15275,0
"2147",15276,0
"2148",15277,0
"2149",15279,0
"2150",15280,0
"2151",15281,0
"2152",15286,0
"2153",15287,0
"2154",15288,0
"2155",15289,0
"2156",15290,0
"2157",15291,0
"2158",15292,0
"2159",15296,0
"2160",15297,0
"2161",15298,0
"2162",15299,0
"2163",15300,0
"2164",15301,0
"2165",15303,0
"2166",15304,0
"2167",15306,0
"2168",15307,0
"2169",15308,0
"2170",15311,1
"2171",15312,0
"2172",15313,0
"2173",15314,0
"2174",15315,0
"2175",15316,0
"2176",15318,0
"2177",15319,0
"2178",15320,0
"2179",15321,0
"2180",15322,0
"2181",15325,0
"2182",15326,0
"2183",15327,0
"2184",15329,0
"2185",15330,0
"2186",15332,0
"2187",15333,0
"2188",15334,0
"2189",15335,0
"2190",15339,0
"2191",15341,0
"2192",15342,0
"2193",15343,0
"2194",15344,0
"2195",15345,0
"2196",15346,0
"2197",15347,0
"2198",15348,0
"2199",15349,0
"2200",15350,0
"2201",15351,1
"2202",15353,0
"2203",15355,0
"2204",15356,0
"2205",15358,0
"2206",15360,0
"2207",15361,0
"2208",15363,0
"2209",15364,0
"2210",15365,0
"2211",15366,0
"2212",15367,0
"2213",15368,0
"2214",15370,0
"2215",15372,0
"2216",15373,1
"2217",15374,0
"2218",15376,0
"2219",15379,0
"2220",15380,0
"2221",15381,0
"2222",15382,0
"2223",15384,0
"2224",15385,0
"2225",15386,0
"2226",15388,0
"2227",15389,0
"2228",15392,0
"2229",15393,0
"2230",15394,0
"2231",15395,0
"2232",15396,0
"2233",15397,0
"2234",15398,0
"2235",15399,0
"2236",15400,0
"2237",15402,0
"2238",15405,0
"2239",15406,0
"2240",15407,0
"2241",15408,0
"2242",15410,0
"2243",15411,0
"2244",15412,0
"2245",15414,0
"2246",15415,0
"2247",15416,0
"2248",15417,0
"2249",15419,0
"2250",15421,0
"2251",15422,0
"2252",15423,0
"2253",15424,0
"2254",15426,0
"2255",15427,0
"2256",15428,0
"2257",15429,0
"2258",15432,0
"2259",15433,0
"2260",15434,0
"2261",15435,0
"2262",15436,0
"2263",15437,0
"2264",15438,0
"2265",15440,0
"2266",15442,0
"2267",15443,1
"2268",15444,0
"2269",15445,0
"2270",15447,0
"2271",15448,0
"2272",15449,0
"2273",15450,0
"2274",15452,0
"2275",15453,0
"2276",15454,0
"2277",15456,0
"2278",15457,0
"2279",15458,0
"2280",15460,0
"2281",15462,0
"2282",15463,0
"2283",15464,0
"2284",15465,0
"2285",15466,0
"2286",15467,0
"2287",15468,0
"2288",15469,0
"2289",15471,0
"2290",15472,0
"2291",15473,0
"2292",15475,0
"2293",15478,0
"2294",15480,0
"2295",15482,0
"2296",15483,0
"2297",15484,1
"2298",15485,0
"2299",15488,0
"2300",15489,0
"2301",15491,0
"2302",15492,0
"2303",15493,0
"2304",15494,0
"2305",15497,0
"2306",15498,1
"2307",15500,0
"2308",15502,0
"2309",15503,0
"2310",15504,0
"2311",15505,0
"2312",15506,0
"2313",15507,0
"2314",15508,0
"2315",15511,1
"2316",15512,0
"2317",15513,0
"2318",15514,1
"2319",15516,0
"2320",15517,0
"2321",15518,0
"2322",15520,0
"2323",15521,0
"2324",15522,0
"2325",15523,0
"2326",15524,0
"2327",15525,0
"2328",15526,0
"2329",15527,0
"2330",15528,0
"2331",15529,0
"2332",15530,0
"2333",15531,1
"2334",15532,0
"2335",15533,0
"2336",15535,0
"2337",15537,0
"2338",15539,0
"2339",15540,0
"2340",15541,0
"2341",15543,0
"2342",15544,0
"2343",15545,0
"2344",15547,0
"2345",15549,0
"2346",15550,0
"2347",15551,0
"2348",15552,0
"2349",15553,0
"2350",15554,0
"2351",15555,0
"2352",15556,0
"2353",15557,0
"2354",15561,0
"2355",15562,0
"2356",15563,0
"2357",15565,0
"2358",15567,0
"2359",15568,0
"2360",15569,0
"2361",15570,0
"2362",15571,0
"2363",15572,1
"2364",15573,0
"2365",15574,0
"2366",15576,0
"2367",15577,0
"2368",15578,0
"2369",15579,0
"2370",15581,0
"2371",15582,0
"2372",15584,0
"2373",15585,0
"2374",15587,0
"2375",15589,0
"2376",15592,0
"2377",15593,0
"2378",15594,0
"2379",15596,0
"2380",15597,0
"2381",15598,0
"2382",15599,0
"2383",15601,1
"2384",15602,0
"2385",15603,0
"2386",15604,0
"2387",15605,0
"2388",15606,0
"2389",15607,0
"2390",15608,0
"2391",15609,0
"2392",15610,0
"2393",15611,0
"2394",15612,0
"2395",15615,0
"2396",15618,0
"2397",15619,0
"2398",15620,0
"2399",15621,0
"2400",15622,0
"2401",15623,0
"2402",15624,0
"2403",15625,0
"2404",15626,0
"2405",15628,0
"2406",15630,0
"2407",15632,0
"2408",15634,0
"2409",15636,0
"2410",15637,0
"2411",15639,0
"2412",15640,1
"2413",15641,0
"2414",15643,0
"2415",15644,0
"2416",15645,0
"2417",15646,0
"2418",15648,0
"2419",15649,0
"2420",15651,0
"2421",15652,0
"2422",15653,0
"2423",15654,0
"2424",15655,0
"2425",15656,0
"2426",15657,0
"2427",15658,0
"2428",15659,0
"2429",15660,0
"2430",15661,0
"2431",15663,0
"2432",15664,0
"2433",15665,0
"2434",15667,0
"2435",15668,0
"2436",15669,0
"2437",15670,0
"2438",15671,0
"2439",15673,0
"2440",15674,0
"2441",15675,0
"2442",15676,0
"2443",15677,0
"2444",15678,0
"2445",15679,0
"2446",15680,0
"2447",15681,0
"2448",15683,0
"2449",15687,0
"2450",15689,0
"2451",15690,0
"2452",15691,0
"2453",15692,0
"2454",15694,0
"2455",15695,0
"2456",15696,0
"2457",15699,0
"2458",15700,0
"2459",15701,1
"2460",15703,0
"2461",15704,0
"2462",15705,0
"2463",15706,0
"2464",15707,0
"2465",15708,0
"2466",15709,0
"2467",15712,0
"2468",15713,0
"2469",15714,0
"2470",15716,0
"2471",15717,0
"2472",15719,1
"2473",15720,0
"2474",15721,0
"2475",15722,0
"2476",15723,0
"2477",15724,0
"2478",15725,0
"2479",15727,0
"2480",15729,0
"2481",15730,0
"2482",15732,0
"2483",15733,0
"2484",15734,0
"2485",15737,0
"2486",15738,0
"2487",15739,0
"2488",15740,0
"2489",15743,0
"2490",15744,0
"2491",15745,0
"2492",15746,0
"2493",15747,0
"2494",15748,0
"2495",15750,0
"2496",15752,0
"2497",15753,0
"2498",15754,0
"2499",15755,0
"2500",15756,0
"2501",15757,0
"2502",15758,0
"2503",15759,0
"2504",15762,0
"2505",15763,0
"2506",15764,0
"2507",15766,0
"2508",15768,0
"2509",15769,1
"2510",15773,0
"2511",15774,0
"2512",15775,0
"2513",15776,0
"2514",15777,0
"2515",15780,0
"2516",15781,0
"2517",15782,0
"2518",15783,0
"2519",15785,0
"2520",15786,0
"2521",15787,0
"2522",15789,0
"2523",15790,0
"2524",15791,0
"2525",15793,0
"2526",15795,0
"2527",15796,0
"2528",15797,0
"2529",15799,0
"2530",15800,0
"2531",15801,0
"2532",15803,0
"2533",15804,1
"2534",15805,0
"2535",15806,0
"2536",15807,0
"2537",15808,0
"2538",15809,0
"2539",15810,0
"2540",15811,0
"2541",15812,0
"2542",15813,0
"2543",15814,0
"2544",15815,0
"2545",15819,0
"2546",15820,0
"2547",15821,0
"2548",15822,0
"2549",15823,0
"2550",15825,0
"2551",15826,0
"2552",15827,0
"2553",15829,0
"2554",15830,0
"2555",15831,0
"2556",15832,0
"2557",15834,0
"2558",15835,0
"2559",15836,0
"2560",15837,0
"2561",15838,1
"2562",15839,0
"2563",15840,0
"2564",15841,0
"2565",15843,0
"2566",15844,0
"2567",15845,0
"2568",15847,0
"2569",15850,0
"2570",15852,0
"2571",15853,0
"2572",15854,0
"2573",15855,0
"2574",15856,0
"2575",15857,0
"2576",15858,0
"2577",15860,0
"2578",15861,0
"2579",15862,0
"2580",15863,0
"2581",15864,0
"2582",15865,0
"2583",15866,0
"2584",15867,1
"2585",15869,0
"2586",15870,0
"2587",15872,0
"2588",15874,0
"2589",15877,0
"2590",15880,0
"2591",15881,0
"2592",15882,0
"2593",15883,0
"2594",15885,0
"2595",15886,0
"2596",15888,0
"2597",15889,0
"2598",15891,0
"2599",15894,0
"2600",15895,0
"2601",15897,0
"2602",15898,0
"2603",15899,0
"2604",15900,0
"2605",15901,0
"2606",15903,0
"2607",15904,0
"2608",15906,0
"2609",15907,0
"2610",15909,0
"2611",15910,1
"2612",15912,0
"2613",15916,0
"2614",15917,0
"2615",15918,0
"2616",15919,0
"2617",15920,0
"2618",15921,0
"2619",15922,0
"2620",15923,0
"2621",15925,0
"2622",15930,0
"2623",15932,0
"2624",15933,0
"2625",15935,0
"2626",15937,0
"2627",15938,0
"2628",15939,0
"2629",15940,0
"2630",15942,0
"2631",15944,0
"2632",15945,0
"2633",15947,0
"2634",15948,1
"2635",15949,0
"2636",15950,0
"2637",15951,0
"2638",15952,0
"2639",15953,0
"2640",15955,1
"2641",15957,0
"2642",15958,0
"2643",15963,0
"2644",15965,0
"2645",15967,0
"2646",15969,0
"2647",15970,0
"2648",15971,0
"2649",15973,0
"2650",15974,0
"2651",15975,0
"2652",15976,0
"2653",15977,0
"2654",15978,0
"2655",15980,0
"2656",15981,0
"2657",15983,0
"2658",15984,1
"2659",15985,0
"2660",15986,0
"2661",15987,0
"2662",15988,0
"2663",15990,0
"2664",15992,0
"2665",15993,1
"2666",15994,0
"2667",15996,0
"2668",15998,0
"2669",16000,1
"2670",16003,0
"2671",16005,0
"2672",16006,0
"2673",16007,0
"2674",16008,0
"2675",16009,0
"2676",16010,0
"2677",16011,0
"2678",16012,0
"2679",16013,0
"2680",16014,0
"2681",16015,0
"2682",16016,1
"2683",16017,0
"2684",16018,0
"2685",16019,0
"2686",16020,0
"2687",16022,0
"2688",16023,0
"2689",16024,0
"2690",16025,0
"2691",16026,0
"2692",16027,0
"2693",16029,0
"2694",16030,0
"2695",16031,0
"2696",16033,1
"2697",16034,0
"2698",16036,0
"2699",16037,0
"2700",16038,0
"2701",16040,0
"2702",16041,0
"2703",16042,0
"2704",16043,0
"2705",16045,0
"2706",16048,0
"2707",16049,0
"2708",16050,0
"2709",16052,0
"2710",16053,0
"2711",16054,0
"2712",16055,0
"2713",16056,0
"2714",16057,0
"2715",16059,0
"2716",16062,0
"2717",16063,0
"2718",16065,0
"2719",16066,0
"2720",16070,0
"2721",16071,0
"2722",16072,0
"2723",16073,0
"2724",16076,0
"2725",16078,0
"2726",16079,0
"2727",16080,0
"2728",16081,0
"2729",16083,0
"2730",16084,0
"2731",16085,0
"2732",16086,0
"2733",16091,0
"2734",16092,0
"2735",16093,0
"2736",16094,0
"2737",16096,0
"2738",16097,0
"2739",16098,0
"2740",16099,0
"2741",16101,0
"2742",16102,0
"2743",16103,0
"2744",16104,0
"2745",16105,0
"2746",16106,0
"2747",16107,0
"2748",16108,0
"2749",16109,0
"2750",16110,0
"2751",16112,0
"2752",16113,0
"2753",16114,0
"2754",16115,0
"2755",16116,0
"2756",16117,0
"2757",16119,1
"2758",16120,0
"2759",16121,0
"2760",16122,0
"2761",16123,0
"2762",16124,0
"2763",16125,0
"2764",16126,0
"2765",16127,0
"2766",16128,0
"2767",16131,0
"2768",16133,1
"2769",16134,0
"2770",16135,0
"2771",16136,0
"2772",16139,0
"2773",16140,0
"2774",16141,0
"2775",16142,0
"2776",16143,1
"2777",16144,0
"2778",16145,1
"2779",16146,0
"2780",16147,0
"2781",16148,0
"2782",16149,0
"2783",16150,0
"2784",16152,0
"2785",16153,0
"2786",16156,0
"2787",16157,0
"2788",16159,0
"2789",16160,0
"2790",16161,0
"2791",16162,0
"2792",16163,0
"2793",16164,0
"2794",16168,0
"2795",16169,0
"2796",16170,0
"2797",16171,0
"2798",16172,0
"2799",16173,0
"2800",16174,0
"2801",16175,0
"2802",16177,0
"2803",16178,0
"2804",16179,0
"2805",16180,0
"2806",16181,0
"2807",16182,0
"2808",16183,0
"2809",16184,0
"2810",16185,0
"2811",16186,0
"2812",16187,0
"2813",16188,0
"2814",16189,0
"2815",16190,0
"2816",16191,1
"2817",16193,0
"2818",16198,0
"2819",16200,0
"2820",16201,0
"2821",16202,0
"2822",16203,0
"2823",16204,0
"2824",16205,0
"2825",16206,0
"2826",16207,0
"2827",16208,0
"2828",16209,0
"2829",16210,1
"2830",16211,0
"2831",16212,0
"2832",16213,0
"2833",16214,0
"2834",16215,0
"2835",16216,0
"2836",16217,0
"2837",16218,0
"2838",16221,0
"2839",16222,0
"2840",16224,0
"2841",16225,0
"2842",16226,0
"2843",16227,0
"2844",16229,0
"2845",16230,0
"2846",16232,0
"2847",16233,0
"2848",16235,0
"2849",16236,0
"2850",16239,0
"2851",16240,0
"2852",16241,0
"2853",16242,1
"2854",16243,0
"2855",16244,0
"2856",16245,0
"2857",16247,0
"2858",16248,0
"2859",16249,0
"2860",16250,0
"2861",16253,0
"2862",16255,0
"2863",16256,0
"2864",16257,0
"2865",16258,0
"2866",16260,0
"2867",16261,0
"2868",16265,0
"2869",16266,0
"2870",16268,0
"2871",16270,0
"2872",16271,1
"2873",16272,0
"2874",16274,0
"2875",16275,0
"2876",16276,0
"2877",16278,0
"2878",16279,0
"2879",16281,0
"2880",16282,0
"2881",16283,0
"2882",16284,0
"2883",16287,0
"2884",16292,0
"2885",16293,0
"2886",16295,0
"2887",16297,0
"2888",16298,0
"2889",16302,0
"2890",16303,1
"2891",16305,0
"2892",16306,0
"2893",16309,0
"2894",16311,0
"2895",16313,0
"2896",16315,0
"2897",16316,0
"2898",16317,0
"2899",16318,0
"2900",16319,0
"2901",16320,0
"2902",16321,0
"2903",16322,0
"2904",16323,0
"2905",16324,0
"2906",16325,0
"2907",16326,0
"2908",16327,0
"2909",16330,0
"2910",16332,0
"2911",16333,1
"2912",16337,0
"2913",16338,0
"2914",16339,0
"2915",16340,0
"2916",16341,0
"2917",16342,0
"2918",16343,0
"2919",16344,0
"2920",16345,0
"2921",16347,0
"2922",16348,0
"2923",16349,0
"2924",16350,0
"2925",16351,0
"2926",16352,0
"2927",16353,0
"2928",16354,0
"2929",16356,0
"2930",16357,0
"2931",16358,1
"2932",16359,1
"2933",16360,0
"2934",16361,0
"2935",16362,0
"2936",16363,0
"2937",16364,0
"2938",16365,0
"2939",16366,0
"2940",16367,0
"2941",16368,0
"2942",16369,0
"2943",16370,0
"2944",16372,0
"2945",16374,0
"2946",16376,0
"2947",16377,0
"2948",16378,0
"2949",16379,0
"2950",16380,0
"2951",16383,0
"2952",16384,0
"2953",16385,0
"2954",16386,0
"2955",16387,0
"2956",16389,0
"2957",16392,0
"2958",16393,0
"2959",16394,0
"2960",16395,0
"2961",16398,0
"2962",16399,0
"2963",16400,0
"2964",16401,0
"2965",16402,0
"2966",16403,0
"2967",16404,0
"2968",16405,0
"2969",16406,0
"2970",16407,1
"2971",16409,0
"2972",16411,0
"2973",16412,0
"2974",16413,0
"2975",16414,0
"2976",16415,0
"2977",16416,0
"2978",16418,0
"2979",16419,0
"2980",16422,0
"2981",16423,0
"2982",16424,0
"2983",16425,0
"2984",16426,0
"2985",16427,0
"2986",16429,0
"2987",16430,0
"2988",16431,0
"2989",16432,0
"2990",16433,0
"2991",16434,0
"2992",16438,0
"2993",16440,0
"2994",16441,0
"2995",16442,0
"2996",16444,0
"2997",16445,0
"2998",16446,0
"2999",16447,0
"3000",16448,0
"3001",16449,0
"3002",16450,0
"3003",16451,0
"3004",16454,0
"3005",16455,0
"3006",16456,0
"3007",16457,0
"3008",16458,0
"3009",16460,0
"3010",16461,0
"3011",16462,0
"3012",16463,0
"3013",16464,0
"3014",16466,0
"3015",16468,0
"3016",16469,0
"3017",16470,0
"3018",16471,0
"3019",16473,0
"3020",16474,1
"3021",16475,0
"3022",16477,0
"3023",16478,0
"3024",16479,0
"3025",16480,0
"3026",16482,0
"3027",16483,0
"3028",16484,0
"3029",16485,0
"3030",16488,0
"3031",16491,0
"3032",16493,0
"3033",16494,0
"3034",16495,0
"3035",16496,1
"3036",16497,0
"3037",16498,0
"3038",16499,0
"3039",16500,0
"3040",16503,0
"3041",16504,0
"3042",16505,0
"3043",16506,0
"3044",16509,0
"3045",16510,0
"3046",16511,0
"3047",16513,0
"3048",16515,0
"3049",16516,0
"3050",16517,0
"3051",16518,0
"3052",16519,0
"3053",16520,0
"3054",16523,1
"3055",16525,1
"3056",16526,0
"3057",16527,0
"3058",16528,0
"3059",16529,0
"3060",16531,0
"3061",16532,0
"3062",16533,0
"3063",16535,0
"3064",16536,0
"3065",16539,0
"3066",16542,0
"3067",16545,0
"3068",16546,0
"3069",16549,0
"3070",16550,0
"3071",16551,0
"3072",16552,0
"3073",16553,0
"3074",16554,0
"3075",16555,0
"3076",16556,0
"3077",16557,0
"3078",16558,0
"3079",16560,0
"3080",16561,0
"3081",16563,0
"3082",16565,0
"3083",16566,0
"3084",16567,0
"3085",16569,0
"3086",16570,0
"3087",16571,0
"3088",16572,0
"3089",16573,0
"3090",16574,0
"3091",16581,0
"3092",16582,0
"3093",16583,0
"3094",16584,0
"3095",16586,0
"3096",16587,0
"3097",16589,0
"3098",16591,0
"3099",16592,0
"3100",16593,0
"3101",16594,0
"3102",16595,0
"3103",16596,0
"3104",16597,0
"3105",16598,0
"3106",16600,0
"3107",16601,0
"3108",16602,0
"3109",16603,0
"3110",16607,0
"3111",16609,0
"3112",16610,0
"3113",16611,0
"3114",16612,0
"3115",16613,0
"3116",16614,0
"3117",16616,0
"3118",16617,0
"3119",16618,0
"3120",16619,0
"3121",16620,0
"3122",16621,0
"3123",16623,0
"3124",16624,0
"3125",16625,0
"3126",16626,0
"3127",16627,0
"3128",16628,1
"3129",16629,0
"3130",16633,0
"3131",16634,0
"3132",16637,0
"3133",16638,0
"3134",16639,0
"3135",16641,0
"3136",16642,0
"3137",16643,0
"3138",16644,0
"3139",16647,0
"3140",16648,0
"3141",16650,0
"3142",16652,0
"3143",16653,0
"3144",16654,0
"3145",16655,0
"3146",16656,0
"3147",16657,0
"3148",16658,0
"3149",16659,0
"3150",16660,0
"3151",16665,0
"3152",16666,0
"3153",16667,0
"3154",16668,0
"3155",16669,0
"3156",16670,0
"3157",16671,0
"3158",16672,1
"3159",16674,0
"3160",16676,0
"3161",16678,0
"3162",16679,0
"3163",16680,0
"3164",16681,0
"3165",16682,0
"3166",16684,1
"3167",16685,0
"3168",16686,0
"3169",16688,0
"3170",16689,0
"3171",16690,0
"3172",16692,0
"3173",16693,0
"3174",16696,0
"3175",16697,0
"3176",16698,0
"3177",16700,1
"3178",16701,0
"3179",16705,1
"3180",16706,0
"3181",16708,0
"3182",16709,0
"3183",16710,0
"3184",16711,0
"3185",16712,1
"3186",16713,0
"3187",16714,0
"3188",16715,0
"3189",16716,0
"3190",16717,0
"3191",16718,0
"3192",16719,0
"3193",16720,0
"3194",16721,0
"3195",16722,0
"3196",16723,0
"3197",16725,0
"3198",16726,0
"3199",16727,0
"3200",16728,0
"3201",16729,0
"3202",16730,0
"3203",16732,0
"3204",16734,0
"3205",16735,0
"3206",16737,0
"3207",16738,0
"3208",16739,0
"3209",16743,0
"3210",16744,0
"3211",16745,0
"3212",16746,1
"3213",16747,0
"3214",16748,0
"3215",16750,0
"3216",16751,0
"3217",16752,0
"3218",16753,0
"3219",16755,0
"3220",16756,0
"3221",16757,0
"3222",16758,0
"3223",16759,0
"3224",16761,0
"3225",16762,0
"3226",16763,0
"3227",16764,0
"3228",16765,0
"3229",16766,0
"3230",16767,0
"3231",16768,0
"3232",16769,0
"3233",16770,0
"3234",16771,0
"3235",16773,0
"3236",16774,0
"3237",16775,0
"3238",16776,0
"3239",16777,0
"3240",16778,0
"3241",16779,0
"3242",16780,0
"3243",16781,0
"3244",16782,0
"3245",16784,0
"3246",16788,0
"3247",16789,0
"3248",16790,1
"3249",16791,0
"3250",16792,0
"3251",16793,0
"3252",16794,0
"3253",16795,0
"3254",16796,0
"3255",16800,0
"3256",16801,0
"3257",16803,0
"3258",16804,0
"3259",16805,0
"3260",16806,0
"3261",16807,0
"3262",16808,0
"3263",16809,0
"3264",16810,0
"3265",16811,0
"3266",16812,0
"3267",16813,1
"3268",16814,0
"3269",16816,0
"3270",16817,0
"3271",16818,0
"3272",16820,0
"3273",16823,0
"3274",16824,0
"3275",16825,0
"3276",16826,0
"3277",16828,0
"3278",16829,0
"3279",16830,0
"3280",16832,0
"3281",16833,0
"3282",16834,0
"3283",16835,0
"3284",16836,0
"3285",16837,0
"3286",16838,0
"3287",16839,0
"3288",16841,0
"3289",16842,0
"3290",16843,0
"3291",16846,0
"3292",16847,0
"3293",16848,0
"3294",16849,0
"3295",16850,0
"3296",16851,0
"3297",16852,0
"3298",16855,0
"3299",16856,0
"3300",16858,0
"3301",16859,0
"3302",16861,0
"3303",16863,0
"3304",16866,0
"3305",16869,0
"3306",16871,0
"3307",16872,0
"3308",16873,0
"3309",16875,0
"3310",16877,0
"3311",16878,0
"3312",16880,0
"3313",16882,0
"3314",16883,0
"3315",16884,0
"3316",16885,0
"3317",16887,0
"3318",16889,0
"3319",16891,0
"3320",16892,0
"3321",16893,0
"3322",16895,0
"3323",16897,0
"3324",16898,0
"3325",16899,0
"3326",16900,0
"3327",16902,0
"3328",16903,0
"3329",16904,0
"3330",16905,0
"3331",16906,0
"3332",16907,0
"3333",16909,0
"3334",16910,0
"3335",16912,0
"3336",16913,0
"3337",16914,0
"3338",16915,1
"3339",16916,0
"3340",16917,0
"3341",16918,0
"3342",16919,0
"3343",16921,0
"3344",16923,0
"3345",16924,0
"3346",16926,0
"3347",16927,0
"3348",16928,0
"3349",16929,1
"3350",16930,0
"3351",16931,1
"3352",16932,0
"3353",16933,0
"3354",16934,0
"3355",16936,0
"3356",16938,1
"3357",16940,0
"3358",16942,0
"3359",16943,0
"3360",16945,0
"3361",16947,0
"3362",16948,0
"3363",16949,0
"3364",16950,0
"3365",16951,0
"3366",16952,0
"3367",16953,0
"3368",16954,0
"3369",16955,0
"3370",16956,0
"3371",16957,0
"3372",16959,0
"3373",16960,0
"3374",16961,0
"3375",16963,0
"3376",16965,0
"3377",16966,0
"3378",16967,0
"3379",16968,0
"3380",16969,0
"3381",16971,0
"3382",16976,0
"3383",16978,0
"3384",16979,0
"3385",16980,0
"3386",16982,0
"3387",16983,0
"3388",16984,0
"3389",16985,0
"3390",16986,0
"3391",16987,0
"3392",16988,0
"3393",16989,1
"3394",16990,0
"3395",16992,0
"3396",16996,0
"3397",16997,0
"3398",16998,0
"3399",16999,0
"3400",17001,1
"3401",17002,0
"3402",17004,0
"3403",17006,0
"3404",17007,0
"3405",17010,0
"3406",17011,0
"3407",17014,0
"3408",17015,0
"3409",17017,0
"3410",17018,0
"3411",17019,0
"3412",17022,0
"3413",17024,0
"3414",17025,0
"3415",17026,0
"3416",17027,0
"3417",17029,0
"3418",17030,0
"3419",17031,0
"3420",17033,0
"3421",17034,0
"3422",17035,0
"3423",17037,0
"3424",17038,0
"3425",17040,0
"3426",17041,0
"3427",17042,0
"3428",17043,0
"3429",17044,0
"3430",17045,0
"3431",17046,0
"3432",17047,0
"3433",17048,0
"3434",17049,0
"3435",17050,0
"3436",17051,0
"3437",17052,0
"3438",17053,0
"3439",17054,0
"3440",17058,0
"3441",17059,0
"3442",17060,0
"3443",17061,0
"3444",17062,0
"3445",17063,0
"3446",17064,0
"3447",17068,0
"3448",17069,0
"3449",17070,0
"3450",17071,0
"3451",17073,0
"3452",17075,0
"3453",17076,0
"3454",17078,0
"3455",17079,0
"3456",17080,0
"3457",17081,0
"3458",17082,0
"3459",17083,0
"3460",17084,0
"3461",17085,0
"3462",17086,0
"3463",17088,0
"3464",17090,0
"3465",17091,0
"3466",17092,0
"3467",17094,0
"3468",17095,0
"3469",17096,0
"3470",17097,0
"3471",17100,0
"3472",17101,1
"3473",17102,0
"3474",17105,0
"3475",17107,0
"3476",17109,0
"3477",17110,0
"3478",17111,0
"3479",17114,0
"3480",17115,0
"3481",17117,0
"3482",17118,0
"3483",17119,0
"3484",17120,0
"3485",17122,0
"3486",17123,0
"3487",17124,0
"3488",17125,0
"3489",17126,0
"3490",17128,0
"3491",17131,1
"3492",17133,0
"3493",17134,0
"3494",17135,0
"3495",17138,0
"3496",17139,1
"3497",17140,0
"3498",17142,0
"3499",17144,0
"3500",17146,0
"3501",17147,0
"3502",17148,0
"3503",17152,0
"3504",17153,0
"3505",17154,0
"3506",17155,0
"3507",17157,0
"3508",17158,0
"3509",17159,0
"3510",17160,0
"3511",17162,0
"3512",17163,0
"3513",17164,0
"3514",17165,0
"3515",17166,0
"3516",17169,0
"3517",17171,0
"3518",17172,0
"3519",17173,1
"3520",17174,0
"3521",17175,0
"3522",17176,0
"3523",17179,0
"3524",17180,0
"3525",17181,0
"3526",17183,1
"3527",17186,0
"3528",17187,0
"3529",17188,0
"3530",17189,0
"3531",17190,0
"3532",17191,0
"3533",17193,0
"3534",17194,0
"3535",17197,0
"3536",17198,0
"3537",17201,0
"3538",17203,0
"3539",17204,0
"3540",17205,0
"3541",17206,0
"3542",17211,0
"3543",17212,0
"3544",17213,0
"3545",17214,0
"3546",17217,0
"3547",17218,0
"3548",17219,0
"3549",17220,0
"3550",17221,0
"3551",17222,0
"3552",17223,0
"3553",17226,0
"3554",17227,0
"3555",17228,0
"3556",17229,0
"3557",17230,0
"3558",17231,0
"3559",17232,0
"3560",17233,0
"3561",17234,0
"3562",17235,0
"3563",17236,0
"3564",17237,0
"3565",17238,1
"3566",17239,0
"3567",17242,0
"3568",17243,1
"3569",17244,0
"3570",17245,0
"3571",17247,0
"3572",17248,0
"3573",17250,0
"3574",17251,0
"3575",17252,0
"3576",17253,0
"3577",17254,0
"3578",17255,0
"3579",17256,0
"3580",17259,0
"3581",17262,0
"3582",17263,0
"3583",17265,0
"3584",17266,0
"3585",17267,0
"3586",17268,0
"3587",17272,0
"3588",17274,0
"3589",17277,0
"3590",17278,0
"3591",17279,0
"3592",17282,0
"3593",17284,0
"3594",17286,0
"3595",17287,0
"3596",17288,0
"3597",17289,0
"3598",17290,0
"3599",17291,0
"3600",17293,1
"3601",17295,0
"3602",17297,0
"3603",17298,0
"3604",17299,0
"3605",17301,0
"3606",17302,0
"3607",17303,0
"3608",17306,0
"3609",17309,0
"3610",17311,0
"3611",17312,0
"3612",17313,0
"3613",17314,0
"3614",17315,0
"3615",17317,0
"3616",17320,0
"3617",17321,0
"3618",17323,0
"3619",17324,0
"3620",17325,0
"3621",17329,0
"3622",17330,0
"3623",17331,0
"3624",17333,0
"3625",17334,0
"3626",17337,0
"3627",17338,0
"3628",17339,0
"3629",17340,0
"3630",17341,0
"3631",17343,0
"3632",17344,0
"3633",17345,0
"3634",17346,0
"3635",17347,0
"3636",17348,0
"3637",17349,0
"3638",17350,0
"3639",17351,0
"3640",17353,0
"3641",17354,0
"3642",17356,0
"3643",17357,0
"3644",17358,0
"3645",17359,0
"3646",17360,0
"3647",17361,0
"3648",17362,0
"3649",17364,1
"3650",17365,0
"3651",17367,0
"3652",17368,0
"3653",17370,0
"3654",17371,0
"3655",17372,0
"3656",17373,0
"3657",17374,0
"3658",17375,0
"3659",17376,0
"3660",17377,0
"3661",17379,0
"3662",17381,1
"3663",17382,0
"3664",17383,0
"3665",17384,0
"3666",17385,0
"3667",17386,0
"3668",17387,0
"3669",17388,0
"3670",17389,1
"3671",17391,0
"3672",17392,0
"3673",17394,0
"3674",17396,0
"3675",17397,0
"3676",17398,0
"3677",17400,0
"3678",17402,0
"3679",17403,0
"3680",17404,1
"3681",17405,0
"3682",17406,0
"3683",17408,0
"3684",17409,0
"3685",17410,0
"3686",17411,0
"3687",17412,1
"3688",17414,0
"3689",17415,0
"3690",17416,0
"3691",17418,0
"3692",17419,1
"3693",17420,0
"3694",17422,0
"3695",17423,0
"3696",17425,0
"3697",17426,0
"3698",17427,0
"3699",17428,0
"3700",17429,0
"3701",17430,0
"3702",17431,0
"3703",17432,0
"3704",17433,0
"3705",17434,1
"3706",17436,0
"3707",17438,0
"3708",17440,0
"3709",17442,0
"3710",17444,0
"3711",17446,0
"3712",17447,0
"3713",17449,1
"3714",17450,1
"3715",17451,1
"3716",17453,0
"3717",17454,0
"3718",17455,0
"3719",17456,0
"3720",17457,0
"3721",17458,0
"3722",17459,0
"3723",17460,0
"3724",17461,0
"3725",17462,0
"3726",17463,0
"3727",17464,0
"3728",17466,1
"3729",17468,0
"3730",17469,0
"3731",17470,0
"3732",17472,0
"3733",17475,0
"3734",17480,0
"3735",17481,1
"3736",17483,0
"3737",17486,0
"3738",17489,0
"3739",17490,0
"3740",17491,0
"3741",17492,0
"3742",17495,0
"3743",17496,0
"3744",17498,0
"3745",17499,0
"3746",17500,0
"3747",17501,0
"3748",17502,0
"3749",17503,0
"3750",17504,0
"3751",17505,0
"3752",17506,0
"3753",17507,0
"3754",17508,0
"3755",17509,0
"3756",17510,0
"3757",17511,0
"3758",17512,0
"3759",17513,0
"3760",17514,0
"3761",17515,0
"3762",17516,0
"3763",17517,0
"3764",17519,0
"3765",17520,0
"3766",17521,0
"3767",17522,0
"3768",17523,0
"3769",17524,0
"3770",17525,0
"3771",17526,1
"3772",17527,0
"3773",17528,0
"3774",17530,0
"3775",17531,0
"3776",17534,0
"3777",17535,0
"3778",17536,0
"3779",17537,0
"3780",17538,0
"3781",17540,0
"3782",17542,0
"3783",17545,0
"3784",17548,0
"3785",17549,0
"3786",17550,0
"3787",17551,0
"3788",17552,0
"3789",17553,0
"3790",17554,1
"3791",17555,0
"3792",17556,0
"3793",17557,0
"3794",17560,0
"3795",17561,0
"3796",17562,0
"3797",17564,0
"3798",17566,0
"3799",17567,0
"3800",17569,0
"3801",17571,0
"3802",17572,0
"3803",17573,0
"3804",17574,0
"3805",17576,0
"3806",17578,0
"3807",17579,0
"3808",17580,0
"3809",17581,0
"3810",17582,0
"3811",17584,0
"3812",17585,0
"3813",17588,0
"3814",17589,0
"3815",17590,0
"3816",17591,0
"3817",17593,0
"3818",17594,0
"3819",17595,1
"3820",17596,0
"3821",17597,0
"3822",17600,0
"3823",17601,0
"3824",17602,1
"3825",17603,0
"3826",17604,0
"3827",17608,0
"3828",17609,0
"3829",17611,1
"3830",17612,0
"3831",17613,0
"3832",17614,0
"3833",17615,0
"3834",17616,0
"3835",17618,0
"3836",17619,0
"3837",17620,0
"3838",17621,0
"3839",17623,0
"3840",17624,0
"3841",17625,0
"3842",17628,0
"3843",17629,0
"3844",17630,0
"3845",17631,0
"3846",17633,0
"3847",17634,0
"3848",17636,0
"3849",17637,0
"3850",17639,0
"3851",17640,0
"3852",17642,0
"3853",17643,0
"3854",17644,0
"3855",17646,0
"3856",17647,0
"3857",17648,0
"3858",17649,0
"3859",17650,0
"3860",17651,0
"3861",17652,0
"3862",17653,0
"3863",17654,0
"3864",17655,0
"3865",17656,0
"3866",17658,0
"3867",17659,0
"3868",17660,0
"3869",17663,0
"3870",17664,0
"3871",17666,0
"3872",17667,0
"3873",17668,0
"3874",17669,0
"3875",17670,0
"3876",17671,0
"3877",17672,0
"3878",17673,1
"3879",17674,0
"3880",17675,1
"3881",17676,0
"3882",17677,1
"3883",17678,0
"3884",17679,0
"3885",17680,0
"3886",17682,0
"3887",17684,0
"3888",17685,0
"3889",17686,0
"3890",17690,0
"3891",17691,0
"3892",17692,0
"3893",17693,0
"3894",17694,0
"3895",17695,0
"3896",17696,0
"3897",17697,0
"3898",17698,0
"3899",17700,0
"3900",17701,0
"3901",17702,0
"3902",17703,0
"3903",17704,0
"3904",17705,1
"3905",17706,1
"3906",17707,0
"3907",17708,0
"3908",17709,0
"3909",17711,0
"3910",17712,0
"3911",17714,0
"3912",17715,0
"3913",17716,0
"3914",17718,0
"3915",17719,0
"3916",17720,0
"3917",17722,0
"3918",17723,0
"3919",17724,0
"3920",17725,0
"3921",17727,0
"3922",17728,0
"3923",17730,0
"3924",17731,0
"3925",17732,0
"3926",17733,0
"3927",17734,0
"3928",17735,1
"3929",17736,0
"3930",17737,0
"3931",17738,0
"3932",17739,0
"3933",17742,0
"3934",17744,0
"3935",17746,0
"3936",17747,0
"3937",17749,0
"3938",17750,0
"3939",17752,0
"3940",17754,0
"3941",17757,0
"3942",17758,0
"3943",17759,0
"3944",17760,0
"3945",17761,0
"3946",17763,0
"3947",17764,0
"3948",17765,0
"3949",17767,0
"3950",17768,0
"3951",17769,1
"3952",17770,0
"3953",17771,0
"3954",17772,0
"3955",17774,0
"3956",17775,0
"3957",17777,0
"3958",17779,0
"3959",17781,0
"3960",17783,0
"3961",17785,0
"3962",17786,0
"3963",17787,0
"3964",17788,0
"3965",17789,0
"3966",17790,0
"3967",17791,0
"3968",17793,0
"3969",17795,0
"3970",17796,0
"3971",17797,0
"3972",17799,0
"3973",17800,0
"3974",17802,0
"3975",17805,0
"3976",17806,1
"3977",17809,0
"3978",17811,1
"3979",17812,0
"3980",17813,0
"3981",17816,0
"3982",17817,0
"3983",17819,0
"3984",17824,0
"3985",17827,0
"3986",17828,0
"3987",17829,0
"3988",17830,0
"3989",17831,0
"3990",17832,0
"3991",17835,0
"3992",17836,0
"3993",17837,0
"3994",17838,0
"3995",17839,0
"3996",17841,1
"3997",17843,0
"3998",17844,0
"3999",17848,0
"4000",17849,0
"4001",17850,0
"4002",17852,0
"4003",17854,0
"4004",17855,0
"4005",17856,0
"4006",17857,1
"4007",17858,0
"4008",17859,0
"4009",17860,0
"4010",17861,0
"4011",17862,0
"4012",17863,0
"4013",17864,0
"4014",17865,0
"4015",17866,0
"4016",17867,0
"4017",17869,0
"4018",17870,0
"4019",17871,0
"4020",17873,0
"4021",17874,0
"4022",17877,0
"4023",17878,0
"4024",17879,0
"4025",17880,0
"4026",17881,0
"4027",17883,0
"4028",17884,0
"4029",17885,0
"4030",17886,0
"4031",17887,0
"4032",17888,0
"4033",17889,0
"4034",17890,0
"4035",17891,0
"4036",17892,0
"4037",17893,0
"4038",17894,0
"4039",17895,0
"4040",17896,0
"4041",17897,0
"4042",17898,0
"4043",17899,0
"4044",17900,0
"4045",17901,0
"4046",17904,0
"4047",17905,0
"4048",17906,0
"4049",17908,0
"4050",17911,0
"4051",17912,0
"4052",17913,0
"4053",17914,0
"4054",17917,0
"4055",17919,0
"4056",17920,0
"4057",17921,0
"4058",17923,0
"4059",17924,1
"4060",17925,0
"4061",17926,0
"4062",17928,0
"4063",17929,0
"4064",17930,0
"4065",17931,0
"4066",17932,0
"4067",17934,0
"4068",17935,0
"4069",17936,0
"4070",17937,1
"4071",17939,0
"4072",17940,0
"4073",17941,0
"4074",17942,0
"4075",17946,0
"4076",17947,0
"4077",17948,0
"4078",17949,0
"4079",17950,0
"4080",17951,0
"4081",17954,0
"4082",17955,0
"4083",17956,0
"4084",17957,0
"4085",17958,0
"4086",17960,0
"4087",17961,0
"4088",17962,0
"4089",17964,0
"4090",17965,0
"4091",17966,0
"4092",17967,0
"4093",17968,0
"4094",17969,0
"4095",17970,0
"4096",17972,0
"4097",17973,0
"4098",17974,0
"4099",17975,0
"4100",17976,0
"4101",17977,0
"4102",17978,0
"4103",17979,0
"4104",17980,0
"4105",17984,0
"4106",17985,0
"4107",17986,0
"4108",17987,0
"4109",17988,1
"4110",17990,0
"4111",17991,0
"4112",17994,0
"4113",17995,0
"4114",17997,0
"4115",17999,0
"4116",18001,0
"4117",18004,0
"4118",18005,0
"4119",18006,0
"4120",18008,0
"4121",18009,0
"4122",18010,0
"4123",18011,0
"4124",18013,0
"4125",18014,0
"4126",18015,0
"4127",18016,0
"4128",18017,0
"4129",18018,0
"4130",18019,0
"4131",18022,0
"4132",18024,0
"4133",18027,0
"4134",18030,0
"4135",18032,0
"4136",18033,0
"4137",18034,0
"4138",18035,0
"4139",18036,0
"4140",18037,0
"4141",18040,0
"4142",18041,0
"4143",18042,0
"4144",18043,0
"4145",18044,0
"4146",18045,0
"4147",18048,0
"4148",18050,0
"4149",18053,0
"4150",18055,0
"4151",18056,0
"4152",18058,0
"4153",18059,0
"4154",18061,0
"4155",18062,0
"4156",18064,0
"4157",18065,1
"4158",18066,0
"4159",18067,0
"4160",18068,0
"4161",18069,0
"4162",18071,0
"4163",18072,0
"4164",18073,0
"4165",18074,0
"4166",18075,1
"4167",18077,0
"4168",18078,0
"4169",18079,0
"4170",18080,0
"4171",18081,0
"4172",18082,0
"4173",18084,0
"4174",18085,0
"4175",18086,0
"4176",18088,0
"4177",18092,0
"4178",18093,0
"4179",18094,0
"4180",18095,0
"4181",18096,0
"4182",18097,1
"4183",18099,0
"4184",18101,0
"4185",18102,1
"4186",18104,0
"4187",18105,0
"4188",18106,0
"4189",18108,0
"4190",18109,1
"4191",18110,0
"4192",18112,0
"4193",18113,0
"4194",18114,0
"4195",18116,0
"4196",18117,0
"4197",18118,0
"4198",18119,0
"4199",18120,0
"4200",18121,0
"4201",18122,0
"4202",18123,0
"4203",18125,0
"4204",18126,0
"4205",18127,0
"4206",18129,0
"4207",18130,0
"4208",18135,0
"4209",18136,0
"4210",18138,0
"4211",18139,0
"4212",18142,0
"4213",18143,0
"4214",18144,0
"4215",18145,1
"4216",18146,0
"4217",18147,0
"4218",18149,0
"4219",18150,0
"4220",18151,0
"4221",18154,0
"4222",18155,0
"4223",18156,0
"4224",18158,0
"4225",18159,0
"4226",18160,0
"4227",18161,0
"4228",18164,0
"4229",18165,0
"4230",18167,0
"4231",18168,0
"4232",18169,0
"4233",18170,0
"4234",18171,0
"4235",18172,0
"4236",18173,0
"4237",18174,0
"4238",18176,0
"4239",18177,0
"4240",18178,0
"4241",18179,0
"4242",18180,0
"4243",18181,0
"4244",18183,0
"4245",18184,0
"4246",18185,0
"4247",18188,0
"4248",18189,0
"4249",18190,0
"4250",18191,0
"4251",18192,0
"4252",18193,0
"4253",18194,0
"4254",18196,0
"4255",18198,1
"4256",18200,0
"4257",18202,0
"4258",18203,0
"4259",18204,0
"4260",18205,0
"4261",18209,0
"4262",18210,0
"4263",18211,0
"4264",18212,0
"4265",18213,0
"4266",18215,0
"4267",18216,0
"4268",18217,0
"4269",18218,0
"4270",18219,0
"4271",18220,0
"4272",18221,0
"4273",18222,0
"4274",18223,0
"4275",18224,0
"4276",18225,0
"4277",18226,0
"4278",18227,0
"4279",18228,0
"4280",18229,1
"4281",18230,0
"4282",18231,0
"4283",18232,0
"4284",18233,0
"4285",18235,0
"4286",18236,0
"4287",18237,0
"4288",18239,0
"4289",18240,0
"4290",18241,0
"4291",18242,0
"4292",18245,1
"4293",18246,0
"4294",18248,0
"4295",18249,0
"4296",18250,0
"4297",18251,0
"4298",18252,0
"4299",18255,0
"4300",18257,0
"4301",18259,0
"4302",18260,0
"4303",18261,0
"4304",18262,0
"4305",18263,0
"4306",18265,0
"4307",18268,0
"4308",18269,0
"4309",18270,0
"4310",18272,0
"4311",18273,0
"4312",18274,0
"4313",18276,0
"4314",18277,0
"4315",18278,0
"4316",18280,0
"4317",18281,0
"4318",18282,0
"4319",18283,0
"4320",18287,0
